Index,Year,PowertrainNumber,PowertrainName,vehPtType,fuelStorSecsToPeakPwr,fuelStorKwhPerKg,fcEffType,engineMap,fcAbsEffImpr,fuelConvSecsToPeakPwr,fuelConvBaseKg,fuelConvKwPerKg,motorPeakEff,motorSecsToPeakPwr,mcPeKgPerKw,mcPeBaseKg,essKgPerKwh,essBaseKg,essRoundTripEff,essLifeCoefA,essLifeCoefB,minSoc,maxSoc,essDischgToFcMaxEffPerc,essChgToFcMaxEffPerc,maxAccelBufferMph,maxAccelBufferPercOfUseableSoc,percHighAccBuf,mphFcOn,kwDemandFcOn,altEff,chgEff,essToFuelOkError,maxRegen,minFcTimeOn,idleFcKw,desired_ess_replacements,ess_cost_dol_per_kw,ess_cost_dol_per_kwh,ess_base_cost_dol,ess_cost_reduction_dol_per_yr,ess_salvage_value_dol,pe_mc_cost_dol_per_kw,pe_mc_base_cost_dol,fc_ice_cost_dol_per_kw,fc_ice_base_cost_dol,fc_fuelcell_cost_dol_per_kw,fs_cost_dol_per_kwh,fs_h2_cost_dol_per_kwh,plug_base_cost_dol,fc_cng_ice_cost_dol_per_kw,fs_cng_cost_dol_per_kwh,mcPwrOutPerc,largeBaselineEff,smallBaselineEff,modernMax,stopStart,fuel_type,CONV_maintDolPerMi,ADV_maintDolPerMi,gvwr_credit_kg
1,2020,1,Conv,1,1,9.875636446,5,"[0.05, 0.07, 0.12, 0.21, 0.26, 0.34, 0.38, 0.42, 0.45, 0.46, 0.46, 0.46]",0,6,0,0.2745,0.93,4,0.333333333,0,4.7,75,0.97,110,-0.6811,0.1,0.95,0,0,60,0.2,0,55,100,1,0.86,0.005,0.9,30,0,0,0,197,0,0,0,8,0,47.3,-0.45,190,0.07,36,0,55,7.467735503,"[0.00, 0.02, 0.04, 0.06, 0.08, 0.10, 0.20, 0.40, 0.60, 0.80, 1.00]","[0.83, 0.85,	0.87, 0.89,	0.90, 0.91,	0.93, 0.94, 0.94, 0.93, 0.92]","[0.12, 0.16, 0.21, 0.29, 0.35, 0.42, 0.75, 0.92, 0.93, 0.93, 0.92]",0.95,False',diesel,0.35,0,0
2,2025,1,Conv,1,1,9.875636446,5,"[0.07, 0.09, 0.14, 0.23, 0.28, 0.36, 0.4, 0.44, 0.47, 0.48, 0.48, 0.48]",0,6,0,0.2745,0.939526407,4,0.266344418,0,4.03,75,0.97,110,-0.6811,0.1,0.95,0,0,60,0.2,0,55,100,1,0.876644661,0.005,0.9,30,0,0,0,170,0,0,0,6,0,47.3,11499.55,135,0.07,16,0,55,4.695593942,"[0.00, 0.02, 0.04, 0.06, 0.08, 0.10, 0.20, 0.40, 0.60, 0.80, 1.00]","[0.83, 0.85,	0.87, 0.89,	0.90, 0.91,	0.93, 0.94, 0.94, 0.93, 0.92]","[0.12, 0.16, 0.21, 0.29, 0.35, 0.42, 0.75, 0.92, 0.93, 0.93, 0.92]",0.95,False',diesel,0.35,0,0
3,2030,1,Conv,1,1,9.875636446,5,"[0.1025, 0.1225, 0.1725, 0.2625, 0.3125, 0.3925, 0.4325, 0.4725, 0.5025, 0.5125, 0.5125, 0.5125]",0,6,0,0.2745,0.947677439,4,0.233992266,0,3.724,75,0.97,110,-0.6811,0.1,0.95,0,0,60,0.2,0,55,100,1,0.891223036,0.005,0.9,30,0,0,0,152,0,0,0,5.6,0,47.3,8999.55,120,0.07,14.4,0,55,4.520751209,"[0.00, 0.02, 0.04, 0.06, 0.08, 0.10, 0.20, 0.40, 0.60, 0.80, 1.00]","[0.83, 0.85,	0.87, 0.89,	0.90, 0.91,	0.93, 0.94, 0.94, 0.93, 0.92]","[0.12, 0.16, 0.21, 0.29, 0.35, 0.42, 0.75, 0.92, 0.93, 0.93, 0.92]",0.95,False',diesel,0.35,0,0
4,2035,1,Conv,1,1,9.875636446,5,"[0.14, 0.16, 0.21, 0.3, 0.35, 0.43, 0.47, 0.51, 0.54, 0.55, 0.55, 0.55]",0,6,0,0.2745,0.95582847,4,0.201640113,0,3.418,75,0.97,110,-0.6811,0.1,0.95,0,0,60,0.2,0,55,100,1,0.90580141,0.005,0.9,30,0,0,0,134,0,0,0,5.2,0,47.3,6499.55,105,0.07,12.8,0,55,4.345908476,"[0.00, 0.02, 0.04, 0.06, 0.08, 0.10, 0.20, 0.40, 0.60, 0.80, 1.00]","[0.83, 0.85,	0.87, 0.89,	0.90, 0.91,	0.93, 0.94, 0.94, 0.93, 0.92]","[0.12, 0.16, 0.21, 0.29, 0.35, 0.42, 0.75, 0.92, 0.93, 0.93, 0.92]",0.95,False',diesel,0.35,0,0
5,2040,1,Conv,1,1,9.875636446,5,"[0.1467, 0.1667, 0.2167, 0.3067, 0.3567, 0.4367, 0.4767, 0.5167, 0.5467, 0.5567, 0.5567, 0.5567]",0,6,0,0.2745,0.963979502,4,0.169287961,0,3.112,75,0.97,110,-0.6811,0.1,0.95,0,0,60,0.2,0,55,100,1,0.920379785,0.005,0.9,30,0,0,0,116,0,0,0,4.8,0,47.3,3999.55,90,0.07,11.2,0,55,4.171065743,"[0.00, 0.02, 0.04, 0.06, 0.08, 0.10, 0.20, 0.40, 0.60, 0.80, 1.00]","[0.83, 0.85,	0.87, 0.89,	0.90, 0.91,	0.93, 0.94, 0.94, 0.93, 0.92]","[0.12, 0.16, 0.21, 0.29, 0.35, 0.42, 0.75, 0.92, 0.93, 0.93, 0.92]",0.95,False',diesel,0.35,0,0
6,2045,1,Conv,1,1,9.875636446,5,"[0.1533, 0.1733, 0.2233, 0.3133, 0.3633, 0.4433, 0.4833, 0.5233, 0.5533, 0.5633, 0.5633, 0.5633]",0,6,0,0.2745,0.972130534,4,0.136935809,0,2.806,75,0.97,110,-0.6811,0.1,0.95,0,0,60,0.2,0,55,100,1,0.93495816,0.005,0.9,30,0,0,0,98,0,0,0,4.4,0,47.3,1499.55,75,0.07,9.6,0,55,3.99622301,"[0.00, 0.02, 0.04, 0.06, 0.08, 0.10, 0.20, 0.40, 0.60, 0.80, 1.00]","[0.83, 0.85,	0.87, 0.89,	0.90, 0.91,	0.93, 0.94, 0.94, 0.93, 0.92]","[0.12, 0.16, 0.21, 0.29, 0.35, 0.42, 0.75, 0.92, 0.93, 0.93, 0.92]",0.95,False',diesel,0.35,0,0
7,2050,1,Conv,1,1,9.875636446,5,"[0.16, 0.18, 0.23, 0.32, 0.37, 0.45, 0.49, 0.53, 0.56, 0.57, 0.57, 0.57]",0,6,0,0.2745,0.980281565,4,0.104583657,0,2.5,75,0.97,110,-0.6811,0.1,0.95,0,0,60,0.2,0,55,100,1,0.949536534,0.005,0.9,30,0,0,0,80,0,0,0,4,0,47.3,-1000.45,60,0.07,8,0,55,3.821380277,"[0.00, 0.02, 0.04, 0.06, 0.08, 0.10, 0.20, 0.40, 0.60, 0.80, 1.00]","[0.83, 0.85,	0.87, 0.89,	0.90, 0.91,	0.93, 0.94, 0.94, 0.93, 0.92]","[0.12, 0.16, 0.21, 0.29, 0.35, 0.42, 0.75, 0.92, 0.93, 0.93, 0.92]",0.95,False',diesel,0.35,0,0
8,2020,2,CNG,1,1,4.2148,9,"[0.0, 0.03, 0.06, 0.18, 0.21, 0.24, 0.27, 0.3, 0.325, 0.335, 0.34, 0.34]",0,6,0,0.28,0.93,4,0.333333333,0,4.7,75,0.97,110,-0.6811,0.1,0.95,0,0,60,0.2,0,55,100,1,0.86,0.005,0.9,30,0,0,0,197,0,0,0,8,0,55,-0.45,190,7.467735503,36,0,55,7.467735503,"[0.00, 0.02, 0.04, 0.06, 0.08, 0.10, 0.20, 0.40, 0.60, 0.80, 1.00]","[0.83, 0.85,	0.87, 0.89,	0.90, 0.91,	0.93, 0.94, 0.94, 0.93, 0.92]","[0.12, 0.16, 0.21, 0.29, 0.35, 0.42, 0.75, 0.92, 0.93, 0.93, 0.92]",0.95,False',CNG,0.38,0,0
9,2025,2,CNG,1,1,4.47,9,"[0.0, 0.03, 0.06, 0.18, 0.21, 0.24, 0.27, 0.3, 0.325, 0.335, 0.34, 0.34]",0,6,0,0.28,0.939526407,4,0.266344418,0,4.03,75,0.97,110,-0.6811,0.1,0.95,0,0,60,0.2,0,55,100,1,0.876644661,0.005,0.9,30,0,0,0,170,0,0,0,6,0,55,11499.55,135,4.695593942,16,0,55,4.695593942,"[0.00, 0.02, 0.04, 0.06, 0.08, 0.10, 0.20, 0.40, 0.60, 0.80, 1.00]","[0.83, 0.85,	0.87, 0.89,	0.90, 0.91,	0.93, 0.94, 0.94, 0.93, 0.92]","[0.12, 0.16, 0.21, 0.29, 0.35, 0.42, 0.75, 0.92, 0.93, 0.93, 0.92]",0.95,False',CNG,0.38,0,0
10,2030,2,CNG,1,1,4.596,9,"[0., 0.03, 0.06, 0.18, 0.21, 0.24, 0.27, 0.3, 0.325, 0.335, 0.34, 0.34]",0,6,0,0.28,0.947677439,4,0.233992266,0,3.724,75,0.97,110,-0.6811,0.1,0.95,0,0,60,0.2,0,55,100,1,0.891223036,0.005,0.9,30,0,0,0,152,0,0,0,5.6,0,55,8999.55,120,4.520751209,14.4,0,55,4.520751209,"[0.00, 0.02, 0.04, 0.06, 0.08, 0.10, 0.20, 0.40, 0.60, 0.80, 1.00]","[0.83, 0.85,	0.87, 0.89,	0.90, 0.91,	0.93, 0.94, 0.94, 0.93, 0.92]","[0.12, 0.16, 0.21, 0.29, 0.35, 0.42, 0.75, 0.92, 0.93, 0.93, 0.92]",0.95,False',CNG,0.38,0,0
11,2035,2,CNG,1,1,4.722,9,"[0, 0.03, 0.06, 0.18, 0.21, 0.24, 0.27, 0.3, 0.325, 0.335, 0.34, 0.34]",0,6,0,0.28,0.95582847,4,0.201640113,0,3.418,75,0.97,110,-0.6811,0.1,0.95,0,0,60,0.2,0,55,100,1,0.90580141,0.005,0.9,30,0,0,0,134,0,0,0,5.2,0,55,6499.55,105,4.345908476,12.8,0,55,4.345908476,"[0.00, 0.02, 0.04, 0.06, 0.08, 0.10, 0.20, 0.40, 0.60, 0.80, 1.00]","[0.83, 0.85,	0.87, 0.89,	0.90, 0.91,	0.93, 0.94, 0.94, 0.93, 0.92]","[0.12, 0.16, 0.21, 0.29, 0.35, 0.42, 0.75, 0.92, 0.93, 0.93, 0.92]",0.95,False',CNG,0.38,0,0
12,2040,2,CNG,1,1,4.848,9,"[0, 0.03, 0.06, 0.18, 0.21, 0.24, 0.27, 0.3, 0.325, 0.335, 0.34, 0.34]",0,6,0,0.28,0.963979502,4,0.169287961,0,3.112,75,0.97,110,-0.6811,0.1,0.95,0,0,60,0.2,0,55,100,1,0.920379785,0.005,0.9,30,0,0,0,116,0,0,0,4.8,0,55,3999.55,90,4.171065743,11.2,0,55,4.171065743,"[0.00, 0.02, 0.04, 0.06, 0.08, 0.10, 0.20, 0.40, 0.60, 0.80, 1.00]","[0.83, 0.85,	0.87, 0.89,	0.90, 0.91,	0.93, 0.94, 0.94, 0.93, 0.92]","[0.12, 0.16, 0.21, 0.29, 0.35, 0.42, 0.75, 0.92, 0.93, 0.93, 0.92]",0.95,False',CNG,0.38,0,0
13,2045,2,CNG,1,1,4.974,9,"[0, 0.03, 0.06, 0.18, 0.21, 0.24, 0.27, 0.3, 0.325, 0.335, 0.34, 0.34]",0,6,0,0.28,0.972130534,4,0.136935809,0,2.806,75,0.97,110,-0.6811,0.1,0.95,0,0,60,0.2,0,55,100,1,0.93495816,0.005,0.9,30,0,0,0,98,0,0,0,4.4,0,55,1499.55,75,3.99622301,9.6,0,55,3.99622301,"[0.00, 0.02, 0.04, 0.06, 0.08, 0.10, 0.20, 0.40, 0.60, 0.80, 1.00]","[0.83, 0.85,	0.87, 0.89,	0.90, 0.91,	0.93, 0.94, 0.94, 0.93, 0.92]","[0.12, 0.16, 0.21, 0.29, 0.35, 0.42, 0.75, 0.92, 0.93, 0.93, 0.92]",0.95,False',CNG,0.38,0,0
14,2050,2,CNG,1,1,5.1,9,"[0, 0.03, 0.06, 0.18, 0.21, 0.24, 0.27, 0.3, 0.325, 0.335, 0.34, 0.34]",0,6,0,0.28,0.980281565,4,0.104583657,0,2.5,75,0.97,110,-0.6811,0.1,0.95,0,0,60,0.2,0,55,100,1,0.949536534,0.005,0.9,30,0,0,0,80,0,0,0,4,0,55,-1000.45,60,3.821380277,8,0,55,3.821380277,"[0.00, 0.02, 0.04, 0.06, 0.08, 0.10, 0.20, 0.40, 0.60, 0.80, 1.00]","[0.83, 0.85,	0.87, 0.89,	0.90, 0.91,	0.93, 0.94, 0.94, 0.93, 0.92]","[0.12, 0.16, 0.21, 0.29, 0.35, 0.42, 0.75, 0.92, 0.93, 0.93, 0.92]",0.95,False',CNG,0.38,0,0
15,2020,3,HEV,2,1,9.875636446,5,"[0.06, 0.06, 0.11, 0.2, 0.25, 0.33, 0.37, 0.41, 0.44, 0.45, 0.45, 0.45]",0,6,0,0.2745,0.93,4,0.333333333,0,4.7,75,0.97,110,-0.6811,0.4,0.8,0,0,60,0.2,0,1,100,1,0.86,0.005,0.9,30,0,0,0,197,0,0,0,8,0,47.3,-0.45,190,0.07,36,0,55,7.467735503,"[0.00, 0.02, 0.04, 0.06, 0.08, 0.10, 0.20, 0.40, 0.60, 0.80, 1.00]","[0.83, 0.85,	0.87, 0.89,	0.90, 0.91,	0.93, 0.94, 0.94, 0.93, 0.92]","[0.12, 0.16, 0.21, 0.29, 0.35, 0.42, 0.75, 0.92, 0.93, 0.93, 0.92]",0.95,False',diesel,0,0.59,0
16,2025,3,HEV,2,1,9.875636446,5,"[0.06, 0.06, 0.11, 0.2, 0.25, 0.33, 0.37, 0.41, 0.44, 0.45, 0.45, 0.45]",0,6,0,0.2745,0.939526407,4,0.266344418,0,4.03,75,0.97,110,-0.6811,0.4,0.8,0,0,60,0.2,0,1,100,1,0.876644661,0.005,0.9,30,0,0,0,170,0,0,0,6,0,47.3,11499.55,135,0.07,16,0,55,4.695593942,"[0.00, 0.02, 0.04, 0.06, 0.08, 0.10, 0.20, 0.40, 0.60, 0.80, 1.00]","[0.83, 0.85,	0.87, 0.89,	0.90, 0.91,	0.93, 0.94, 0.94, 0.93, 0.92]","[0.12, 0.16, 0.21, 0.29, 0.35, 0.42, 0.75, 0.92, 0.93, 0.93, 0.92]",0.95,False',diesel,0,0.59,0
17,2030,3,HEV,2,1,9.875636446,5,"[0.06, 0.06, 0.11, 0.2, 0.25, 0.33, 0.37, 0.41, 0.44, 0.45, 0.45, 0.45]",0,6,0,0.2745,0.947677439,4,0.233992266,0,3.724,75,0.97,110,-0.6811,0.4,0.8,0,0,60,0.2,0,1,100,1,0.891223036,0.005,0.9,30,0,0,0,152,0,0,0,5.6,0,47.3,8999.55,120,0.07,14.4,0,55,4.520751209,"[0.00, 0.02, 0.04, 0.06, 0.08, 0.10, 0.20, 0.40, 0.60, 0.80, 1.00]","[0.83, 0.85,	0.87, 0.89,	0.90, 0.91,	0.93, 0.94, 0.94, 0.93, 0.92]","[0.12, 0.16, 0.21, 0.29, 0.35, 0.42, 0.75, 0.92, 0.93, 0.93, 0.92]",0.95,False',diesel,0,0.59,0
18,2035,3,HEV,2,1,9.875636446,5,"[0.06, 0.06, 0.11, 0.2, 0.25, 0.33, 0.37, 0.41, 0.44, 0.45, 0.45, 0.45]",0,6,0,0.2745,0.95582847,4,0.201640113,0,3.418,75,0.97,110,-0.6811,0.4,0.8,0,0,60,0.2,0,1,100,1,0.90580141,0.005,0.9,30,0,0,0,134,0,0,0,5.2,0,47.3,6499.55,105,0.07,12.8,0,55,4.345908476,"[0.00, 0.02, 0.04, 0.06, 0.08, 0.10, 0.20, 0.40, 0.60, 0.80, 1.00]","[0.83, 0.85,	0.87, 0.89,	0.90, 0.91,	0.93, 0.94, 0.94, 0.93, 0.92]","[0.12, 0.16, 0.21, 0.29, 0.35, 0.42, 0.75, 0.92, 0.93, 0.93, 0.92]",0.95,False',diesel,0,0.59,0
19,2040,3,HEV,2,1,9.875636446,5,"[0.06, 0.06, 0.11, 0.2, 0.25, 0.33, 0.37, 0.41, 0.44, 0.45, 0.45, 0.45]",0,6,0,0.2745,0.963979502,4,0.169287961,0,3.112,75,0.97,110,-0.6811,0.4,0.8,0,0,60,0.2,0,1,100,1,0.920379785,0.005,0.9,30,0,0,0,116,0,0,0,4.8,0,47.3,3999.55,90,0.07,11.2,0,55,4.171065743,"[0.00, 0.02, 0.04, 0.06, 0.08, 0.10, 0.20, 0.40, 0.60, 0.80, 1.00]","[0.83, 0.85,	0.87, 0.89,	0.90, 0.91,	0.93, 0.94, 0.94, 0.93, 0.92]","[0.12, 0.16, 0.21, 0.29, 0.35, 0.42, 0.75, 0.92, 0.93, 0.93, 0.92]",0.95,False',diesel,0,0.59,0
20,2045,3,HEV,2,1,9.875636446,5,"[0.06, 0.06, 0.11, 0.2, 0.25, 0.33, 0.37, 0.41, 0.44, 0.45, 0.45, 0.45]",0,6,0,0.2745,0.972130534,4,0.136935809,0,2.806,75,0.97,110,-0.6811,0.4,0.8,0,0,60,0.2,0,1,100,1,0.93495816,0.005,0.9,30,0,0,0,98,0,0,0,4.4,0,47.3,1499.55,75,0.07,9.6,0,55,3.99622301,"[0.00, 0.02, 0.04, 0.06, 0.08, 0.10, 0.20, 0.40, 0.60, 0.80, 1.00]","[0.83, 0.85,	0.87, 0.89,	0.90, 0.91,	0.93, 0.94, 0.94, 0.93, 0.92]","[0.12, 0.16, 0.21, 0.29, 0.35, 0.42, 0.75, 0.92, 0.93, 0.93, 0.92]",0.95,False',diesel,0,0.59,0
21,2050,3,HEV,2,1,9.875636446,5,"[0.06, 0.06, 0.11, 0.2, 0.25, 0.33, 0.37, 0.41, 0.44, 0.45, 0.45, 0.45]",0,6,0,0.2745,0.980281565,4,0.104583657,0,2.5,75,0.97,110,-0.6811,0.4,0.8,0,0,60,0.2,0,1,100,1,0.949536534,0.005,0.9,30,0,0,0,80,0,0,0,4,0,47.3,-1000.45,60,0.07,8,0,55,3.821380277,"[0.00, 0.02, 0.04, 0.06, 0.08, 0.10, 0.20, 0.40, 0.60, 0.80, 1.00]","[0.83, 0.85,	0.87, 0.89,	0.90, 0.91,	0.93, 0.94, 0.94, 0.93, 0.92]","[0.12, 0.16, 0.21, 0.29, 0.35, 0.42, 0.75, 0.92, 0.93, 0.93, 0.92]",0.95,False',diesel,0,0.59,0
22,2020,4,EV,4,1,9.875636446,3,"[0.1, 0.14, 0.2, 0.26, 0.32, 0.39, 0.41, 0.42, 0.41, 0.38, 0.36, 0.34]",0,6,0,0,0.93,4,0.333333333,0,4.7,75,0.97,110,-0.6811,0.03,0.78,0,0,60,0.2,0,1,100,1,0.86,0.005,0.9,30,0,0,0,197,0,0,0,8,0,0,-0.45,190,0,36,125,55,7.467735503,"[0.00, 0.02, 0.04, 0.06, 0.08, 0.10, 0.20, 0.40, 0.60, 0.80, 1.00]","[0.83, 0.85,	0.87, 0.89,	0.90, 0.91,	0.93, 0.94, 0.94, 0.93, 0.92]","[0.12, 0.16, 0.21, 0.29, 0.35, 0.42, 0.75, 0.92, 0.93, 0.93, 0.92]",0.95,False',electricity,0,0,907.1858189
23,2025,4,EV,4,1,9.875636446,3,"[0.1, 0.14, 0.2, 0.26, 0.32, 0.39, 0.41, 0.42, 0.41, 0.38, 0.36, 0.34]",0,6,0,0,0.939526407,4,0.266344418,0,4.03,75,0.97,110,-0.6811,0.03,0.814856422,0,0,60,0.2,0,1,100,1,0.876644661,0.005,0.9,30,0,0,0,170,0,0,0,6,0,0,11499.55,135,0,16,100,55,4.695593942,"[0.00, 0.02, 0.04, 0.06, 0.08, 0.10, 0.20, 0.40, 0.60, 0.80, 1.00]","[0.83, 0.85,	0.87, 0.89,	0.90, 0.91,	0.93, 0.94, 0.94, 0.93, 0.92]","[0.12, 0.16, 0.21, 0.29, 0.35, 0.42, 0.75, 0.92, 0.93, 0.93, 0.92]",0.95,False',electricity,0,0,907.1858189
24,2030,4,EV,4,1,9.875636446,3,"[0.1, 0.14, 0.2, 0.26, 0.32, 0.39, 0.41, 0.42, 0.41, 0.38, 0.36, 0.34]",0,6,0,0,0.947677439,4,0.233992266,0,3.724,75,0.97,110,-0.6811,0.03,0.847566292,0,0,60,0.2,0,1,100,1,0.891223036,0.005,0.9,30,0,0,0,152,0,0,0,5.6,0,0,8999.55,120,0,14.4,86.6,55,4.520751209,"[0.00, 0.02, 0.04, 0.06, 0.08, 0.10, 0.20, 0.40, 0.60, 0.80, 1.00]","[0.83, 0.85,	0.87, 0.89,	0.90, 0.91,	0.93, 0.94, 0.94, 0.93, 0.92]","[0.12, 0.16, 0.21, 0.29, 0.35, 0.42, 0.75, 0.92, 0.93, 0.93, 0.92]",0.95,False',electricity,0,0,907.1858189
25,2035,4,EV,4,1,9.875636446,3,"[0.1, 0.14, 0.2, 0.26, 0.32, 0.39, 0.41, 0.42, 0.41, 0.38, 0.36, 0.34]",0,6,0,0,0.95582847,4,0.201640113,0,3.418,75,0.97,110,-0.6811,0.03,0.880276161,0,0,60,0.2,0,1,100,1,0.90580141,0.005,0.9,30,0,0,0,134,0,0,0,5.2,0,0,6499.55,105,0,12.8,73.2,55,4.345908476,"[0.00, 0.02, 0.04, 0.06, 0.08, 0.10, 0.20, 0.40, 0.60, 0.80, 1.00]","[0.83, 0.85,	0.87, 0.89,	0.90, 0.91,	0.93, 0.94, 0.94, 0.93, 0.92]","[0.12, 0.16, 0.21, 0.29, 0.35, 0.42, 0.75, 0.92, 0.93, 0.93, 0.92]",0.95,False',electricity,0,0,907.1858189
26,2040,4,EV,4,1,9.875636446,3,"[0.1, 0.14, 0.2, 0.26, 0.32, 0.39, 0.41, 0.42, 0.41, 0.38, 0.36, 0.34]",0,6,0,0,0.963979502,4,0.169287961,0,3.112,75,0.97,110,-0.6811,0.03,0.91298603,0,0,60,0.2,0,1,100,1,0.920379785,0.005,0.9,30,0,0,0,116,0,0,0,4.8,0,0,3999.55,90,0,11.2,59.8,55,4.171065743,"[0.00, 0.02, 0.04, 0.06, 0.08, 0.10, 0.20, 0.40, 0.60, 0.80, 1.00]","[0.83, 0.85,	0.87, 0.89,	0.90, 0.91,	0.93, 0.94, 0.94, 0.93, 0.92]","[0.12, 0.16, 0.21, 0.29, 0.35, 0.42, 0.75, 0.92, 0.93, 0.93, 0.92]",0.95,False',electricity,0,0,907.1858189
27,2045,4,EV,4,1,9.875636446,3,"[0.1, 0.14, 0.2, 0.26, 0.32, 0.39, 0.41, 0.42, 0.41, 0.38, 0.36, 0.34]",0,6,0,0,0.972130534,4,0.136935809,0,2.806,75,0.97,110,-0.6811,0.03,0.9456959,0,0,60,0.2,0,1,100,1,0.93495816,0.005,0.9,30,0,0,0,98,0,0,0,4.4,0,0,1499.55,75,0,9.6,46.4,55,3.99622301,"[0.00, 0.02, 0.04, 0.06, 0.08, 0.10, 0.20, 0.40, 0.60, 0.80, 1.00]","[0.83, 0.85,	0.87, 0.89,	0.90, 0.91,	0.93, 0.94, 0.94, 0.93, 0.92]","[0.12, 0.16, 0.21, 0.29, 0.35, 0.42, 0.75, 0.92, 0.93, 0.93, 0.92]",0.95,False',electricity,0,0,907.1858189
28,2050,4,EV,4,1,9.875636446,3,"[0.1, 0.14, 0.2, 0.26, 0.32, 0.39, 0.41, 0.42, 0.41, 0.38, 0.36, 0.34]",0,6,0,0,0.980281565,4,0.104583657,0,2.5,75,0.97,110,-0.6811,0.03,0.978405769,0,0,60,0.2,0,1,100,1,0.949536534,0.005,0.9,30,0,0,0,80,0,0,0,4,0,0,-1000.45,60,0,8,33,55,3.821380277,"[0.00, 0.02, 0.04, 0.06, 0.08, 0.10, 0.20, 0.40, 0.60, 0.80, 1.00]","[0.83, 0.85,	0.87, 0.89,	0.90, 0.91,	0.93, 0.94, 0.94, 0.93, 0.92]","[0.12, 0.16, 0.21, 0.29, 0.35, 0.42, 0.75, 0.92, 0.93, 0.93, 0.92]",0.95,False',electricity,0,0,907.1858189
29,2020,5,FCEV,2,1,1.48,4,"[0.1344, 0.3344, 0.3944, 0.4844, 0.5344, 0.5944, 0.6144, 0.6344, 0.6144, 0.6044, 0.5844, 0.5744]",0,5,0,0.96,0.93,4,0.333333333,0,4.7,75,0.97,110,-0.6811,0.4,0.8,0,0,60,0.2,0,1,100,1,0.86,0.005,0.9,30,0,0,0,197,0,0,0,8,0,190,-0.45,190,36,36,0,55,7.467735503,"[0.00, 0.02, 0.04, 0.06, 0.08, 0.10, 0.20, 0.40, 0.60, 0.80, 1.00]","[0.83, 0.85,	0.87, 0.89,	0.90, 0.91,	0.93, 0.94, 0.94, 0.93, 0.92]","[0.12, 0.16, 0.21, 0.29, 0.35, 0.42, 0.75, 0.92, 0.93, 0.93, 0.92]",0.95,False',hydrogen,0,0.39,0
30,2025,5,FCEV,2,1,1.8,4,"[0.1457, 0.3457, 0.4057, 0.4957, 0.5457, 0.6057, 0.6257, 0.6457, 0.6257, 0.6157, 0.5957, 0.5857]",0,5,0,1.02,0.939526407,4,0.266344418,0,4.03,75,0.97,110,-0.6811,0.4,0.8,0,0,60,0.2,0,1,100,1,0.876644661,0.005,0.9,30,0,0,0,170,0,0,0,6,0,135,11499.55,135,16,16,0,55,4.695593942,"[0.00, 0.02, 0.04, 0.06, 0.08, 0.10, 0.20, 0.40, 0.60, 0.80, 1.00]","[0.83, 0.85,	0.87, 0.89,	0.90, 0.91,	0.93, 0.94, 0.94, 0.93, 0.92]","[0.12, 0.16, 0.21, 0.29, 0.35, 0.42, 0.75, 0.92, 0.93, 0.93, 0.92]",0.95,False',hydrogen,0,0.39,0
31,2030,5,FCEV,2,1,1.88,4,"[0.1621, 0.3621, 0.4221, 0.5121, 0.5621, 0.6221, 0.6421, 0.6621, 0.6421, 0.6321, 0.6121, 0.6021]",0,5,0,1.032,0.947677439,4,0.233992266,0,3.724,75,0.97,110,-0.6811,0.4,0.8,0,0,60,0.2,0,1,100,1,0.891223036,0.005,0.9,30,0,0,0,152,0,0,0,5.6,0,120,8999.55,120,14.4,14.4,0,55,4.520751209,"[0.00, 0.02, 0.04, 0.06, 0.08, 0.10, 0.20, 0.40, 0.60, 0.80, 1.00]","[0.83, 0.85,	0.87, 0.89,	0.90, 0.91,	0.93, 0.94, 0.94, 0.93, 0.92]","[0.12, 0.16, 0.21, 0.29, 0.35, 0.42, 0.75, 0.92, 0.93, 0.93, 0.92]",0.95,False',hydrogen,0,0.39,0
32,2035,5,FCEV,2,1,1.96,4,"[0.18, 0.38, 0.44, 0.53, 0.58, 0.64, 0.66, 0.68, 0.66, 0.65, 0.63, 0.62]",0,5,0,1.044,0.95582847,4,0.201640113,0,3.418,75,0.97,110,-0.6811,0.4,0.8,0,0,60,0.2,0,1,100,1,0.90580141,0.005,0.9,30,0,0,0,134,0,0,0,5.2,0,105,6499.55,105,12.8,12.8,0,55,4.345908476,"[0.00, 0.02, 0.04, 0.06, 0.08, 0.10, 0.20, 0.40, 0.60, 0.80, 1.00]","[0.83, 0.85,	0.87, 0.89,	0.90, 0.91,	0.93, 0.94, 0.94, 0.93, 0.92]","[0.12, 0.16, 0.21, 0.29, 0.35, 0.42, 0.75, 0.92, 0.93, 0.93, 0.92]",0.95,False',hydrogen,0,0.39,0
33,2040,5,FCEV,2,1,2.04,4,"[0.1933, 0.3933, 0.4533, 0.5433, 0.5933, 0.6533, 0.6733, 0.6933, 0.6733, 0.6633, 0.6433, 0.6333]",0,5,0,1.056,0.963979502,4,0.169287961,0,3.112,75,0.97,110,-0.6811,0.4,0.8,0,0,60,0.2,0,1,100,1,0.920379785,0.005,0.9,30,0,0,0,116,0,0,0,4.8,0,90,3999.55,90,11.2,11.2,0,55,4.171065743,"[0.00, 0.02, 0.04, 0.06, 0.08, 0.10, 0.20, 0.40, 0.60, 0.80, 1.00]","[0.83, 0.85,	0.87, 0.89,	0.90, 0.91,	0.93, 0.94, 0.94, 0.93, 0.92]","[0.12, 0.16, 0.21, 0.29, 0.35, 0.42, 0.75, 0.92, 0.93, 0.93, 0.92]",0.95,False',hydrogen,0,0.39,0
34,2045,5,FCEV,2,1,2.12,4,"[0.2067, 0.4067, 0.4667, 0.5567, 0.6067, 0.6667, 0.6867, 0.7067, 0.6867, 0.6767, 0.6567, 0.6467]",0,5,0,1.068,0.972130534,4,0.136935809,0,2.806,75,0.97,110,-0.6811,0.4,0.8,0,0,60,0.2,0,1,100,1,0.93495816,0.005,0.9,30,0,0,0,98,0,0,0,4.4,0,75,1499.55,75,9.6,9.6,0,55,3.99622301,"[0.00, 0.02, 0.04, 0.06, 0.08, 0.10, 0.20, 0.40, 0.60, 0.80, 1.00]","[0.83, 0.85,	0.87, 0.89,	0.90, 0.91,	0.93, 0.94, 0.94, 0.93, 0.92]","[0.12, 0.16, 0.21, 0.29, 0.35, 0.42, 0.75, 0.92, 0.93, 0.93, 0.92]",0.95,False',hydrogen,0,0.39,0
35,2050,5,FCEV,2,1,2.2,4,"[0.22, 0.42, 0.48, 0.57, 0.62, 0.68, 0.7, 0.72, 0.7, 0.69, 0.67, 0.66]",0,5,0,1.08,0.980281565,4,0.104583657,0,2.5,75,0.97,110,-0.6811,0.4,0.8,0,0,60,0.2,0,1,100,1,0.949536534,0.005,0.9,30,0,0,0,80,0,0,0,4,0,60,-1000.45,60,8,8,0,55,3.821380277,"[0.00, 0.02, 0.04, 0.06, 0.08, 0.10, 0.20, 0.40, 0.60, 0.80, 1.00]","[0.83, 0.85,	0.87, 0.89,	0.90, 0.91,	0.93, 0.94, 0.94, 0.93, 0.92]","[0.12, 0.16, 0.21, 0.29, 0.35, 0.42, 0.75, 0.92, 0.93, 0.93, 0.92]",0.95,False',hydrogen,0,0.39,0
36,2020,6,PHEV,4,1,9.875636446,3,"[0.1, 0.14, 0.2, 0.26, 0.32, 0.39, 0.41, 0.42, 0.41, 0.38, 0.36, 0.34]",0,4.5,61,0.2745,0.93,4,0.333333333,0,4.7,75,0.97,110,-0.6811,0.03,0.78,1,0,60,0.2,0,85,120,1,0.86,0.005,0.9,30,0,0,0,197,0,0,0,8,0,47.3,-0.45,190,0.07,36,125,55,7.467735503,"[0.00, 0.02, 0.04, 0.06, 0.08, 0.10, 0.20, 0.40, 0.60, 0.80, 1.00]","[0.83, 0.85,	0.87, 0.89,	0.90, 0.91,	0.93, 0.94, 0.94, 0.93, 0.92]","[0.12, 0.16, 0.21, 0.29, 0.35, 0.42, 0.75, 0.92, 0.93, 0.93, 0.92]",0.95,False',diesel,0,0,0
37,2025,6,PHEV,4,1,9.875636446,3,"[0.1, 0.14, 0.2, 0.26, 0.32, 0.39, 0.41, 0.42, 0.41, 0.38, 0.36, 0.34]",0,4.5,61,0.2745,0.939526407,4,0.266344418,0,4.03,75,0.97,110,-0.6811,0.03,0.814856422,1,0,60,0.2,0,85,120,1,0.876644661,0.005,0.9,30,0,0,0,170,0,0,0,6,0,47.3,11499.55,135,0.07,16,100,55,4.695593942,"[0.00, 0.02, 0.04, 0.06, 0.08, 0.10, 0.20, 0.40, 0.60, 0.80, 1.00]","[0.83, 0.85,	0.87, 0.89,	0.90, 0.91,	0.93, 0.94, 0.94, 0.93, 0.92]","[0.12, 0.16, 0.21, 0.29, 0.35, 0.42, 0.75, 0.92, 0.93, 0.93, 0.92]",0.95,False',diesel,0,0,0
38,2030,6,PHEV,4,1,9.875636446,3,"[0.1, 0.14, 0.2, 0.26, 0.32, 0.39, 0.41, 0.42, 0.41, 0.38, 0.36, 0.34]",0,4.5,61,0.2745,0.947677439,4,0.233992266,0,3.724,75,0.97,110,-0.6811,0.03,0.847566292,1,0,60,0.2,0,85,120,1,0.891223036,0.005,0.9,30,0,0,0,152,0,0,0,5.6,0,47.3,8999.55,120,0.07,14.4,86.6,55,4.520751209,"[0.00, 0.02, 0.04, 0.06, 0.08, 0.10, 0.20, 0.40, 0.60, 0.80, 1.00]","[0.83, 0.85,	0.87, 0.89,	0.90, 0.91,	0.93, 0.94, 0.94, 0.93, 0.92]","[0.12, 0.16, 0.21, 0.29, 0.35, 0.42, 0.75, 0.92, 0.93, 0.93, 0.92]",0.95,False',diesel,0,0,0
39,2035,6,PHEV,4,1,9.875636446,3,"[0.1, 0.14, 0.2, 0.26, 0.32, 0.39, 0.41, 0.42, 0.41, 0.38, 0.36, 0.34]",0,4.5,61,0.2745,0.95582847,4,0.201640113,0,3.418,75,0.97,110,-0.6811,0.03,0.880276161,1,0,60,0.2,0,85,120,1,0.90580141,0.005,0.9,30,0,0,0,134,0,0,0,5.2,0,47.3,6499.55,105,0.07,12.8,73.2,55,4.345908476,"[0.00, 0.02, 0.04, 0.06, 0.08, 0.10, 0.20, 0.40, 0.60, 0.80, 1.00]","[0.83, 0.85,	0.87, 0.89,	0.90, 0.91,	0.93, 0.94, 0.94, 0.93, 0.92]","[0.12, 0.16, 0.21, 0.29, 0.35, 0.42, 0.75, 0.92, 0.93, 0.93, 0.92]",0.95,False',diesel,0,0,0
40,2040,6,PHEV,4,1,9.875636446,3,"[0.1, 0.14, 0.2, 0.26, 0.32, 0.39, 0.41, 0.42, 0.41, 0.38, 0.36, 0.34]",0,4.5,61,0.2745,0.963979502,4,0.169287961,0,3.112,75,0.97,110,-0.6811,0.03,0.91298603,1,0,60,0.2,0,85,120,1,0.920379785,0.005,0.9,30,0,0,0,116,0,0,0,4.8,0,47.3,3999.55,90,0.07,11.2,59.8,55,4.171065743,"[0.00, 0.02, 0.04, 0.06, 0.08, 0.10, 0.20, 0.40, 0.60, 0.80, 1.00]","[0.83, 0.85,	0.87, 0.89,	0.90, 0.91,	0.93, 0.94, 0.94, 0.93, 0.92]","[0.12, 0.16, 0.21, 0.29, 0.35, 0.42, 0.75, 0.92, 0.93, 0.93, 0.92]",0.95,False',diesel,0,0,0
41,2045,6,PHEV,4,1,9.875636446,3,"[0.1, 0.14, 0.2, 0.26, 0.32, 0.39, 0.41, 0.42, 0.41, 0.38, 0.36, 0.34]",0,4.5,61,0.2745,0.972130534,4,0.136935809,0,2.806,75,0.97,110,-0.6811,0.03,0.9456959,1,0,60,0.2,0,85,120,1,0.93495816,0.005,0.9,30,0,0,0,98,0,0,0,4.4,0,47.3,1499.55,75,0.07,9.6,46.4,55,3.99622301,"[0.00, 0.02, 0.04, 0.06, 0.08, 0.10, 0.20, 0.40, 0.60, 0.80, 1.00]","[0.83, 0.85,	0.87, 0.89,	0.90, 0.91,	0.93, 0.94, 0.94, 0.93, 0.92]","[0.12, 0.16, 0.21, 0.29, 0.35, 0.42, 0.75, 0.92, 0.93, 0.93, 0.92]",0.95,False',diesel,0,0,0
42,2050,6,PHEV,4,1,9.875636446,3,"[0.1, 0.14, 0.2, 0.26, 0.32, 0.39, 0.41, 0.42, 0.41, 0.38, 0.36, 0.34]",0,4.5,61,0.2745,0.980281565,4,0.104583657,0,2.5,75,0.97,110,-0.6811,0.03,0.978405769,1,0,60,0.2,0,85,120,1,0.949536534,0.005,0.9,30,0,0,0,80,0,0,0,4,0,47.3,-1000.45,60,0.07,8,33,55,3.821380277,"[0.00, 0.02, 0.04, 0.06, 0.08, 0.10, 0.20, 0.40, 0.60, 0.80, 1.00]","[0.83, 0.85,	0.87, 0.89,	0.90, 0.91,	0.93, 0.94, 0.94, 0.93, 0.92]","[0.12, 0.16, 0.21, 0.29, 0.35, 0.42, 0.75, 0.92, 0.93, 0.93, 0.92]",0.95,False',diesel,0,0,0
