,vehicle_distance_bins_mi,p_of_distances,p_of_distances_normalized,expected_distance
0,1.253446842,0.008676414,0.428620737,0.53725331
1,1.430849292,0.008791636,0.434312807,0.621436173
2,1.608251742,0.008904327,0.439879805,0.707437463
3,1.785654193,0.00901437,0.445315995,0.795180373
4,1.963056643,0.009121652,0.450615818,0.884584374
5,2.140459093,0.009226065,0.455773905,0.975565398
6,2.317861543,0.009327505,0.460785091,1.068036043
7,2.495263993,0.009425871,0.46564443,1.16190578
8,2.672666444,0.009521067,0.4703472,1.257081178
9,2.850068894,0.009613004,0.474888922,1.353466144
10,3.027471344,0.009701594,0.479265366,1.450962161
11,3.204873794,0.009786759,0.483472565,1.549468553
12,3.382276244,0.009868423,0.487506821,1.648882741
13,3.559678695,0.009946517,0.491364719,1.749100523
14,3.737081145,0.010020978,0.49504313,1.850016348
15,3.914483595,0.010091748,0.498539222,1.951523605
16,4.091886045,0.010158776,0.501850465,2.053514914
17,4.269288496,0.010222018,0.504974639,2.155882418
18,4.446690946,0.010281434,0.507909839,2.258518081
19,4.624093396,0.010336993,0.510654476,2.361313991
20,4.801495846,0.010388668,0.513207286,2.464162654
21,4.978898296,0.010436442,0.515567329,2.566957297
22,5.156300747,0.010480301,0.517733991,2.669592165
23,5.333703197,0.010520239,0.519706987,2.771962816
24,5.511105647,0.010556259,0.521486358,2.873966411
25,5.688508097,0.010588366,0.523072473,2.975502001
26,5.865910547,0.010616575,0.524466028,3.076470805
27,6.043312998,0.010640907,0.525668038,3.176776488
28,6.220715448,0.010661388,0.52667984,3.276325418
29,6.398117898,0.010678053,0.527503085,3.375026926
30,6.575520348,0.01069094,0.528139732,3.472793553
31,6.752922798,0.010700096,0.528592046,3.569541278
32,6.930325249,0.010705573,0.528862588,3.665189744
33,7.107727699,0.010707428,0.528954207,3.759662467
34,7.285130149,0.010705724,0.528870034,3.85288703
35,7.462532599,0.01070053,0.528613472,3.944795264
36,7.639935049,0.010691921,0.528188183,4.035323415
37,7.8173375,0.010679976,0.527598085,4.124412293
38,7.99473995,0.010664779,0.526847331,4.212007405
39,8.1721424,0.010646418,0.525940306,4.298059076
40,8.34954485,0.010624987,0.52488161,4.382522543
41,8.526947301,0.010600584,0.523676046,4.465358043
42,8.704349751,0.010573308,0.522328606,4.546530874
43,8.881752201,0.010543265,0.520844461,4.626011442
44,9.059154651,0.010510563,0.519228943,4.703775292
45,9.236557101,0.010475312,0.51748753,4.779803116
46,9.413959552,0.010437626,0.515625834,4.854080746
47,9.591362002,0.010397622,0.513649587,4.926599127
48,9.768764452,0.010355416,0.51156462,4.997354276
49,9.946166902,0.01031113,0.509376855,5.066347219
50,10.12356935,0.010264885,0.507092285,5.133583914
51,10.3009718,0.010216802,0.504716958,5.199075152
52,10.47837425,0.010167005,0.502256965,5.26283645
53,10.6557767,0.010115618,0.499718422,5.324887922
54,10.83317915,0.010062765,0.497107456,5.385254133
55,11.0105816,0.01000857,0.494430189,5.443963944
56,11.18798405,0.009953157,0.491692723,5.501050343
57,11.3653865,0.009896648,0.488901126,5.556550255
58,11.54278895,0.009839164,0.486061416,5.610504348
59,11.7201914,0.009780828,0.483179551,5.662956825
60,11.89759385,0.009721757,0.48026141,5.713955202
61,12.0749963,0.009662069,0.477312782,5.763550084
62,12.25239875,0.009601879,0.474339355,5.811794922
63,12.42980121,0.0095413,0.471346699,5.85874577
64,12.60720366,0.009480441,0.46834026,5.904461037
65,12.78460611,0.009419412,0.465325343,5.949001224
66,12.96200856,0.009358315,0.462307106,5.992428663
67,13.13941101,0.009297251,0.459290546,6.034807257
68,13.31681346,0.00923632,0.456280493,6.076202204
69,13.49421591,0.009175614,0.453281597,6.116679736
70,13.67161836,0.009115225,0.450298325,6.156306844
71,13.84902081,0.009055239,0.447334949,6.195151016
72,14.02642326,0.008995737,0.444395542,6.233279962
73,14.20382571,0.008936799,0.44148397,6.27076136
74,14.38122816,0.008878499,0.438603889,6.307662593
75,14.55863061,0.008820906,0.435758738,6.344050493
76,14.73603306,0.008764084,0.432951736,6.379991098
77,14.91343551,0.008708096,0.430185882,6.415549406
78,15.09083796,0.008652997,0.427463946,6.450789147
79,15.26824041,0.008598839,0.424788475,6.485772555
80,15.44564286,0.008545667,0.422161785,6.520560156
81,15.62304531,0.008493526,0.419585966,6.555210564
82,15.80044776,0.008442452,0.417062882,6.589780286
83,15.97785021,0.008392479,0.41459417,6.624323543
84,16.15525266,0.008343635,0.412181242,6.658892098
85,16.33265511,0.008295944,0.409825289,6.693535107
86,16.51005756,0.008249427,0.407527287,6.728298969
87,16.68746001,0.008204097,0.405287995,6.763227202
88,16.86486246,0.008159968,0.403107962,6.798360329
89,17.04226491,0.008117045,0.400987534,6.833735776
90,17.21966736,0.008075331,0.398926858,6.869387789
91,17.39706981,0.008034826,0.396925887,6.905347366
92,17.57447226,0.007995525,0.39498439,6.941642198
93,17.75187471,0.00795742,0.393101954,6.978296633
94,17.92927716,0.007920498,0.391277997,7.015331652
95,18.10667961,0.007884745,0.389511772,7.052764857
96,18.28408206,0.007850142,0.387802377,7.090610478
97,18.46148451,0.007816669,0.386148762,7.128879393
98,18.63888696,0.0077843,0.384549742,7.167579165
99,18.81628941,0.007753011,0.383003999,7.206714085
100,18.99369186,0.00772277,0.381510098,7.246285239
101,19.17109431,0.007693548,0.380066493,7.286290583
102,19.34849676,0.00766531,0.378671538,7.326725029
103,19.52589921,0.007638022,0.377323495,7.367580544
104,19.70330166,0.007611647,0.376020547,7.408846266
105,19.88070411,0.007586147,0.374760802,7.450508623
106,20.05810656,0.007561481,0.37354231,7.492551467
107,20.23550901,0.00753761,0.372363068,7.534956213
108,20.41291146,0.007514492,0.371221029,7.577701995
109,20.59031391,0.007492085,0.370114115,7.620765819
110,20.76771636,0.007470347,0.369040226,7.66412273
111,20.94511882,0.007449234,0.367997243,7.707745988
112,21.12252127,0.007428704,0.366983048,7.751607237
113,21.29992372,0.007408714,0.365995522,7.795676693
114,21.47732617,0.007389221,0.365032559,7.839923325
115,21.65472862,0.007370183,0.364092074,7.884315046
116,21.83213107,0.007351559,0.363172009,7.9288189
117,22.00953352,0.007333307,0.362270343,7.973401252
118,22.18693597,0.007315387,0.361385096,8.018027982
119,22.36433842,0.007297761,0.360514339,8.062664671
120,22.54174087,0.00728039,0.359656197,8.10727679
121,22.71914332,0.007263237,0.358808859,8.151829889
122,22.89654577,0.007246268,0.35797058,8.196289776
123,23.07394822,0.007229449,0.357139689,8.240622694
124,23.25135067,0.007212747,0.356314591,8.284795501
125,23.42875312,0.007196131,0.355493773,8.328775833
126,23.60615557,0.007179573,0.354675807,8.372532269
127,23.78355802,0.007163046,0.353859354,8.416034486
128,23.96096047,0.007146524,0.353043169,8.459253407
129,24.13836292,0.007129985,0.352226096,8.502161344
130,24.31576537,0.007113406,0.351407081,8.544732128
131,24.49316782,0.007096768,0.350585163,8.586941234
132,24.67057027,0.007080054,0.349759483,8.628765897
133,24.84797272,0.007063248,0.348929279,8.670185217
134,25.02537517,0.007046338,0.348093892,8.711180252
135,25.20277762,0.007029311,0.347252761,8.751734111
136,25.38018007,0.007012159,0.346405423,8.791832021
137,25.55758252,0.006994874,0.345551517,8.831461402
138,25.73498497,0.00697745,0.344690775,8.870611919
139,25.91238742,0.006959884,0.343823029,8.909275526
140,26.08978987,0.006942176,0.342948201,8.947446504
141,26.26719232,0.006924324,0.342066308,8.985121489
142,26.44459477,0.006906331,0.341177453,9.022299483
143,26.62199722,0.006888201,0.340281827,9.058981864
144,26.79939967,0.00686994,0.339379706,9.09517238
145,26.97680212,0.006851554,0.338471443,9.130877141
146,27.15420457,0.006833053,0.33755747,9.166104595
147,27.33160702,0.006814446,0.336638292,9.200865497
148,27.50900947,0.006795746,0.335714482,9.235172876
149,27.68641192,0.006776965,0.334786682,9.269041987
150,27.86381437,0.006758117,0.333855593,9.302490259
151,28.04121682,0.006739218,0.332921973,9.335537236
152,28.21861927,0.006720285,0.331986637,9.368204514
153,28.39602172,0.006701334,0.331050446,9.400515668
154,28.57342417,0.006682384,0.330114309,9.432496176
155,28.75082662,0.006663454,0.329179173,9.464173339
156,28.92822907,0.006644565,0.328246025,9.495576199
157,29.10563152,0.006625736,0.327315882,9.526735446
158,29.28303397,0.00660699,0.326389791,9.557683332
159,29.46043643,0.006588347,0.325468823,9.588453573
160,29.63783888,0.00656983,0.324554071,9.619081256
161,29.81524133,0.006551461,0.323646642,9.649602744
162,29.99264378,0.006533263,0.322747659,9.680055574
163,30.17004623,0.006515259,0.321858253,9.710478363
164,30.34744868,0.006497472,0.32097956,9.740910709
165,30.52485113,0.006479925,0.320112719,9.771393092
166,30.70225358,0.006462641,0.31925887,9.80196678
167,30.87965603,0.006445643,0.318419147,9.832673732
168,31.05705848,0.006428954,0.317594679,9.863556509
169,31.23446093,0.006412596,0.316786584,9.894658176
170,31.41186338,0.006396591,0.31599597,9.926022222
171,31.58926583,0.006380963,0.315223928,9.957692466
172,31.76666828,0.006365733,0.314471536,9.989712978
173,31.94407073,0.006350922,0.313739851,10.022128
174,32.12147318,0.006336551,0.31302991,10.05498187
175,32.29887563,0.00632264,0.312342728,10.08831894
176,32.47627808,0.006309211,0.311679297,10.12218352
177,32.65368053,0.006296281,0.311040582,10.15661981
178,32.83108298,0.006283871,0.310427525,10.19167182
179,33.00848543,0.006271999,0.309841036,10.22738333
180,33.18588788,0.006260683,0.309282002,10.26379785
181,33.36329033,0.00624994,0.308751277,10.30095851
182,33.54069278,0.006239786,0.308249688,10.33890809
183,33.71809523,0.006230239,0.307778029,10.3776889
184,33.89549768,0.006221312,0.307337066,10.41734282
185,34.07290013,0.006213022,0.306927533,10.45791117
186,34.25030258,0.006205383,0.306550131,10.49943475
187,34.42770503,0.006198407,0.306205533,10.54195377
188,34.60510748,0.006192109,0.305894378,10.58550784
189,34.78250993,0.006186499,0.305617275,10.63013592
190,34.95991238,0.006181591,0.305374801,10.67587629
191,35.13731483,0.006177395,0.305167501,10.72276657
192,35.31471728,0.006173921,0.304995891,10.77084366
193,35.49211973,0.006171179,0.304860453,10.8201437
194,35.66952218,0.006169179,0.304761641,10.87070211
195,35.84692463,0.006167929,0.304699876,10.9225535
196,36.02432708,0.006167436,0.304675551,10.97573171
197,36.20172953,0.006167709,0.304689027,11.03026973
198,36.37913198,0.006168754,0.304740634,11.08619975
199,36.55653443,0.006170576,0.304830675,11.14355307
200,36.73393688,0.006173183,0.304959421,11.20236012
201,36.91133933,0.006176577,0.305127113,11.26265043
202,37.08874178,0.006180764,0.305333965,11.32445257
203,37.26614423,0.006185748,0.305580157,11.3877942
204,37.44354668,0.006191531,0.305865843,11.45270197
205,37.62094913,0.006198116,0.306191145,11.5192015
206,37.79835158,0.006205505,0.306556157,11.58731741
207,37.97575404,0.006213699,0.306960941,11.65707319
208,38.15315649,0.006222698,0.307405529,11.72849127
209,38.33055894,0.006232504,0.307889924,11.80159288
210,38.50796139,0.006243114,0.308414096,11.8763981
211,38.68536384,0.006254529,0.308977984,11.95292573
212,38.86276629,0.006266746,0.309581496,12.03119333
213,39.04016874,0.006279762,0.310224507,12.11121711
214,39.21757119,0.006293574,0.31090686,12.19301191
215,39.39497364,0.00630818,0.311628363,12.27659113
216,39.57237609,0.006323573,0.312388791,12.36196672
217,39.74977854,0.006339748,0.313187884,12.44914905
218,39.92718099,0.006356701,0.314025348,12.5381469
219,40.10458344,0.006374423,0.31490085,12.62896742
220,40.28198589,0.006392908,0.315814023,12.72161602
221,40.45938834,0.006412148,0.316764461,12.81609633
222,40.63679079,0.006432132,0.317751719,12.91241013
223,40.81419324,0.006452853,0.318775315,13.0105573
224,40.99159569,0.006474298,0.319834726,13.11053576
225,41.16899814,0.006496457,0.320929387,13.21234136
226,41.34640059,0.006519317,0.322058696,13.31596786
227,41.52380304,0.006542865,0.323222004,13.42140685
228,41.70120549,0.006567088,0.324418624,13.52864769
229,41.87860794,0.00659197,0.325647821,13.63767743
230,42.05601039,0.006617496,0.326908821,13.74848077
231,42.23341284,0.006643649,0.328200802,13.86103997
232,42.41081529,0.006670412,0.3295229,13.97533483
233,42.58821774,0.006697766,0.330874203,14.09134261
234,42.76562019,0.006725692,0.332253756,14.20903795
235,42.94302264,0.006754169,0.333660558,14.32839288
236,43.12042509,0.006783177,0.335093559,14.44937672
237,43.29782754,0.006812693,0.336551667,14.57195605
238,43.47522999,0.006842694,0.338033742,14.69609468
239,43.65263244,0.006873156,0.339538597,14.82175359
240,43.83003489,0.006904055,0.341065002,14.94889094
241,44.00743734,0.006935364,0.342611678,15.07746197
242,44.18483979,0.006967056,0.344177304,15.20741906
243,44.36224224,0.006999104,0.345760513,15.33871165
244,44.53964469,0.00703148,0.347359894,15.47128626
245,44.71704714,0.007064154,0.348973992,15.60508647
246,44.89444959,0.007097095,0.350601312,15.74005292
247,45.07185204,0.007130273,0.352240314,15.87612333
248,45.24925449,0.007163655,0.353889421,16.01323249
249,45.42665694,0.007197209,0.355547015,16.15131228
250,45.60405939,0.007230901,0.35721144,16.29029173
251,45.78146184,0.007264698,0.358881004,16.43009699
252,45.95886429,0.007298563,0.36055398,16.57065143
253,46.13626674,0.007332462,0.362228607,16.71187564
254,46.31366919,0.007366358,0.363903094,16.8536875
255,46.49107165,0.007400214,0.365575618,16.99600226
256,46.6684741,0.007433993,0.367244331,17.13873256
257,46.84587655,0.007467657,0.368907357,17.28178852
258,47.023279,0.007501168,0.370562799,17.42507786
259,47.20068145,0.007534486,0.372208735,17.56850593
260,47.3780839,0.007567572,0.373843228,17.71197583
261,47.55548635,0.007600388,0.375464323,17.85538851
262,47.7328888,0.007632892,0.377070052,17.99864287
263,47.91029125,0.007665045,0.378658435,18.14163588
264,48.0876937,0.007696807,0.380227482,18.28426271
265,48.26509615,0.007728136,0.381775202,18.42641683
266,48.4424986,0.007758994,0.383299596,18.56799016
267,48.61990105,0.007789339,0.384798669,18.7088732
268,48.7973035,0.007819132,0.386270426,18.84895519
269,48.97470595,0.007848331,0.387712879,18.98812424
270,49.1521084,0.007876897,0.38912405,19.12626748
271,49.32951085,0.007904789,0.390501972,19.26327124
272,49.5069133,0.00793197,0.391844692,19.39902122
273,49.68431575,0.007958398,0.393150279,19.53340261
274,49.8617182,0.007984036,0.39441682,19.66630031
275,50.03912065,0.008008846,0.395642426,19.79759909
276,50.2165231,0.008032789,0.396825239,19.92718377
277,50.39392555,0.008055829,0.397963428,20.05493938
278,50.571328,0.008077929,0.3990552,20.18075139
279,50.74873045,0.008099054,0.400098794,20.30450585
280,50.9261329,0.008119169,0.401092493,20.42608962
281,51.10353535,0.008138241,0.402034622,20.54539052
282,51.2809378,0.008156235,0.402923551,20.66229755
283,51.45834025,0.00817312,0.4037577,20.77670109
284,51.6357427,0.008188866,0.40453554,20.88849304
285,51.81314515,0.008203442,0.405255597,20.99756709
286,51.9905476,0.008216819,0.405916456,21.10381884
287,52.16795005,0.008228971,0.40651676,21.20714605
288,52.3453525,0.008239871,0.407055216,21.30744879
289,52.52275495,0.008249494,0.407530596,21.40462965
290,52.7001574,0.008257816,0.40794174,21.4985939
291,52.87755985,0.008264816,0.408287557,21.58924974
292,53.0549623,0.008270474,0.40856703,21.67650839
293,53.23236475,0.008274769,0.408779216,21.76028435
294,53.4097672,0.008277685,0.408923249,21.84049553
295,53.58716965,0.008279205,0.40899834,21.91706343
296,53.7645721,0.008279315,0.409003782,21.9899133
297,53.94197455,0.008278002,0.408938948,22.05897435
298,54.119377,0.008275256,0.408803298,22.12417982
299,54.29677945,0.008271068,0.408596374,22.18546723
300,54.4741819,0.008265429,0.408317806,22.24277844
301,54.65158435,0.008258334,0.40796731,22.29605985
302,54.8289868,0.008249779,0.407544691,22.34526251
303,55.00638926,0.008239762,0.407049845,22.39034223
304,55.18379171,0.008228283,0.406482756,22.43125975
305,55.36119416,0.008215342,0.4058435,22.46798079
306,55.53859661,0.008200945,0.405132243,22.5004762
307,55.71599906,0.008185095,0.404349243,22.52872204
308,55.89340151,0.008167799,0.40349485,22.55269968
309,56.07080396,0.008149068,0.402569506,22.57239584
310,56.24820641,0.008128911,0.401573742,22.58780271
311,56.42560886,0.008107341,0.400508182,22.59891801
312,56.60301131,0.008084373,0.39937354,22.60574499
313,56.78041376,0.008060023,0.39817062,22.60829253
314,56.95781621,0.008034309,0.396900314,22.60657514
315,57.13521866,0.00800725,0.395563604,22.60061302
316,57.31262111,0.007978869,0.394161558,22.59043203
317,57.49002356,0.007949189,0.392695329,22.57606372
318,57.66742601,0.007918234,0.391166155,22.55754531
319,57.84482846,0.007886032,0.389575357,22.53491971
320,58.02223091,0.007852611,0.387924337,22.50823545
321,58.19963336,0.007818001,0.386214575,22.47754664
322,58.37703581,0.007782233,0.384447629,22.44291299
323,58.55443826,0.007745341,0.382625132,22.40439968
324,58.73184071,0.007707359,0.38074879,22.36207731
325,58.90924316,0.007668323,0.37882038,22.31602186
326,59.08664561,0.00762827,0.376841744,22.26631455
327,59.26404806,0.007587239,0.374814791,22.21304179
328,59.44145051,0.00754527,0.372741493,22.15629503
329,59.61885296,0.007502404,0.370623881,22.09617068
330,59.79625541,0.007458684,0.368464042,22.03276996
331,59.97365786,0.007414151,0.366264116,21.96619877
332,60.15106031,0.007368852,0.364026294,21.89656755
333,60.32846276,0.007322831,0.361752813,21.8239911
334,60.50586521,0.007276134,0.359445954,21.74858847
335,60.68326766,0.007228808,0.357108039,21.67048274
336,60.86067011,0.007180902,0.354741425,21.58980086
337,61.03807256,0.007132463,0.352348502,21.50667346
338,61.21547501,0.00708354,0.34993169,21.42123465
339,61.39287746,0.007034183,0.347493434,21.33362183
340,61.57027991,0.006984442,0.345036201,21.24397548
341,61.74768236,0.006934368,0.342562476,21.15243894
342,61.92508481,0.00688401,0.340074757,21.05915818
343,62.10248726,0.006833419,0.337575555,20.96428159
344,62.27988971,0.006782647,0.335067385,20.86795976
345,62.45729216,0.006731745,0.332552765,20.77034519
346,62.63469461,0.006680762,0.330034213,20.67159212
347,62.81209706,0.006629752,0.32751424,20.57185625
348,62.98949951,0.006578763,0.324995351,20.47129449
349,63.16690196,0.006527846,0.322480034,20.37006472
350,63.34430441,0.006477052,0.319970765,20.26832554
351,63.52170687,0.00642643,0.317469996,20.16623602
352,63.69910932,0.006376029,0.314980157,20.06395545
353,63.87651177,0.006325898,0.31250365,19.96164306
354,64.05391422,0.006276084,0.310042845,19.85945779
355,64.23131667,0.006226636,0.307600079,19.75755805
356,64.40871912,0.0061776,0.305177648,19.65610143
357,64.58612157,0.006129021,0.30277781,19.55524446
358,64.76352402,0.006080944,0.300402776,19.45514241
359,64.94092647,0.006033413,0.298054709,19.35594896
360,65.11832892,0.005986471,0.295735722,19.25781604
361,65.29573137,0.005940159,0.293447873,19.16089352
362,65.47313382,0.005894517,0.291193164,19.06532903
363,65.65053627,0.005849586,0.288973537,18.9712677
364,65.82793872,0.005805403,0.286790872,18.87885196
365,66.00534117,0.005762005,0.284646984,18.78822128
366,66.18274362,0.005719428,0.282543621,18.699512
367,66.36014607,0.005677704,0.280482461,18.61285711
368,66.53754852,0.005636868,0.278465114,18.52838603
369,66.71495097,0.005596949,0.276493112,18.44622444
370,66.89235342,0.005557978,0.274567916,18.36649409
371,67.06975587,0.005519983,0.272690908,18.28931263
372,67.24715832,0.005482989,0.270863392,18.2147934
373,67.42456077,0.005447022,0.269086593,18.14304535
374,67.60196322,0.005412105,0.267361656,18.07417281
375,67.77936567,0.005378259,0.265689642,18.00827538
376,67.95676812,0.005345504,0.264071531,17.94544781
377,68.13417057,0.005313858,0.26250822,17.88577986
378,68.31157302,0.005283339,0.261000521,17.82935618
379,68.48897547,0.005253959,0.259549163,17.77625622
380,68.66637792,0.005225733,0.258154787,17.72655415
381,68.84378037,0.005198672,0.256817953,17.68031872
382,69.02118282,0.005172786,0.255539134,17.63761327
383,69.19858527,0.005148081,0.254318719,17.59849559
384,69.37598772,0.005124565,0.253157014,17.5630179
385,69.55339017,0.005102242,0.252054239,17.53122683
386,69.73079262,0.005081115,0.251010532,17.50316334
387,69.90819507,0.005061184,0.250025948,17.47886272
388,70.08559752,0.00504245,0.24910046,17.4583546
389,70.26299997,0.00502491,0.248233963,17.44166291
390,70.44040242,0.00500856,0.247426268,17.42880591
391,70.61780487,0.004993395,0.246677112,17.41979618
392,70.79520732,0.004979408,0.245986153,17.4146407
393,70.97260977,0.004966591,0.245352973,17.41334082
394,71.15001222,0.004954933,0.244777082,17.41589239
395,71.32741467,0.004944424,0.244257917,17.4222857
396,71.50481712,0.00493505,0.243794843,17.43250566
397,71.68221957,0.004926798,0.243387159,17.44653179
398,71.85962202,0.004919651,0.243034097,17.46433834
399,72.03702448,0.004913593,0.242734823,17.48589437
400,72.21442693,0.004908605,0.242488442,17.51116385
401,72.39182938,0.004904669,0.242293998,17.54010575
402,72.56923183,0.004901764,0.242150478,17.57267416
403,72.74663428,0.004899868,0.242056812,17.6088184
404,72.92403673,0.004898958,0.242011879,17.64848317
405,73.10143918,0.004899012,0.242014506,17.69160866
406,73.27884163,0.004900003,0.24206347,17.73813067
407,73.45624408,0.004901906,0.242157505,17.7879808
408,73.63364653,0.004904696,0.242295301,17.84108654
409,73.81104898,0.004908343,0.242475506,17.89737147
410,73.98845143,0.004912822,0.242696732,17.9567554
411,74.16585388,0.004918101,0.242957555,18.01915452
412,74.34325633,0.004924153,0.243256517,18.08448159
413,74.52065878,0.004930947,0.243592131,18.15264608
414,74.69806123,0.004938452,0.243962883,18.22355438
415,74.87546368,0.004946637,0.244367233,18.29710991
416,75.05286613,0.004955471,0.244803621,18.37321339
417,75.23026858,0.004964921,0.245270465,18.45176293
418,75.40767103,0.004974955,0.245766167,18.53265428
419,75.58507348,0.004985541,0.246289116,18.61578097
420,75.76247593,0.004996646,0.246837689,18.7010345
421,75.93987838,0.005008236,0.247410253,18.78830455
422,76.11728083,0.005020278,0.24800517,18.87747916
423,76.29468328,0.00503274,0.248620796,18.96844487
424,76.47208573,0.005045588,0.249255487,19.06108698
425,76.64948818,0.005058789,0.249907601,19.15528968
426,76.82689063,0.005072309,0.250575496,19.25093626
427,77.00429308,0.005086115,0.25125754,19.34790928
428,77.18169553,0.005100175,0.251952106,19.44609077
429,77.35909798,0.005114455,0.252657579,19.54536239
430,77.53650043,0.005128924,0.253372354,19.64560564
431,77.71390288,0.005143549,0.254094844,19.746702
432,77.89130533,0.005158299,0.254823475,19.84853313
433,78.06870778,0.005173141,0.255556696,19.95098104
434,78.24611023,0.005188045,0.256292974,20.05392826
435,78.42351268,0.005202981,0.257030797,20.157258
436,78.60091513,0.005217918,0.257768682,20.26085431
437,78.77831758,0.005232826,0.258505169,20.36460226
438,78.95572003,0.005247677,0.259238825,20.46838808
439,79.13312248,0.005262443,0.259968249,20.57209932
440,79.31052493,0.005277095,0.260692071,20.67562497
441,79.48792738,0.005291606,0.26140895,20.77885567
442,79.66532983,0.005305951,0.262117584,20.88168379
443,79.84273228,0.005320103,0.262816702,20.98400358
444,80.02013473,0.005334037,0.263505071,21.08571132
445,80.19753718,0.00534773,0.264181497,21.18670543
446,80.37493963,0.005361157,0.264844822,21.28688658
447,80.55234209,0.005374297,0.26549393,21.38615786
448,80.72974454,0.005387127,0.266127744,21.48442481
449,80.90714699,0.005399627,0.266745231,21.58159559
450,81.08454944,0.005411776,0.267345397,21.67758108
451,81.26195189,0.005423555,0.267927295,21.77229493
452,81.43935434,0.005434946,0.268490018,21.8656537
453,81.61675679,0.005445931,0.269032706,21.95757691
454,81.79415924,0.005456495,0.269554542,22.04798715
455,81.97156169,0.00546662,0.270054757,22.13681014
456,82.14896414,0.005476293,0.270532624,22.2239748
457,82.32636659,0.005485501,0.270987464,22.30941333
458,82.50376904,0.005494229,0.271418646,22.39306125
459,82.68117149,0.005502466,0.271825581,22.47485747
460,82.85857394,0.005510202,0.27220773,22.55474433
461,83.03597639,0.005517426,0.2725646,22.63266766
462,83.21337884,0.005524129,0.272895743,22.70857681
463,83.39078129,0.005530304,0.273200758,22.7824247
464,83.56818374,0.005535942,0.273479293,22.85416781
465,83.74558619,0.005541038,0.273731039,22.92376629
466,83.92298864,0.005545586,0.273955733,22.99118388
467,84.10039109,0.005549583,0.27415316,23.05638801
468,84.27779354,0.005553024,0.27432315,23.11934978
469,84.45519599,0.005555907,0.274465576,23.18004397
470,84.63259844,0.00555823,0.274580357,23.23844907
471,84.81000089,0.005559993,0.274667457,23.29454723
472,84.98740334,0.005561196,0.274726882,23.34832434
473,85.16480579,0.00556184,0.274758684,23.39976995
474,85.34220824,0.005561927,0.274762955,23.44887731
475,85.51961069,0.005561458,0.27473983,23.49564332
476,85.69701314,0.005560439,0.274689487,23.54006857
477,85.87441559,0.005558874,0.274612143,23.58215726
478,86.05181804,0.005556767,0.274508056,23.62191725
479,86.22922049,0.005554124,0.274377523,23.65935995
480,86.40662294,0.005550954,0.274220882,23.69450039
481,86.58402539,0.005547262,0.274038508,23.7273571
482,86.76142784,0.005543057,0.273830811,23.75795214
483,86.93883029,0.00553835,0.273598241,23.78631106
484,87.11623274,0.005533148,0.273341283,23.81246282
485,87.29363519,0.005527463,0.273060456,23.83643979
486,87.47103764,0.005521307,0.272756313,23.8582777
487,87.64844009,0.00551469,0.272429441,23.87801557
488,87.82584254,0.005507626,0.272080461,23.89569569
489,88.00324499,0.005500127,0.271710021,23.91136356
490,88.18064744,0.005492208,0.271318804,23.92506781
491,88.35804989,0.005483882,0.27090752,23.93686017
492,88.53545234,0.005475166,0.270476908,23.94679539
493,88.71285479,0.005466073,0.270027735,23.95493121
494,88.89025724,0.005456621,0.269560793,23.96132821
495,89.0676597,0.005446826,0.269076901,23.96604984
496,89.24506215,0.005436704,0.268576901,23.96916224
497,89.4224646,0.005426275,0.268061659,23.97073424
498,89.59986705,0.005415554,0.267532063,23.97083725
499,89.7772695,0.005404562,0.266989019,23.96954511
500,89.95467195,0.005393315,0.266433456,23.96693411
501,90.1320744,0.005381835,0.265866318,23.96308277
502,90.30947685,0.00537014,0.265288568,23.95807182
503,90.4868793,0.00535825,0.264701184,23.95198405
504,90.66428175,0.005346185,0.264105155,23.9449042
505,90.8416842,0.005333965,0.263501487,23.93691886
506,91.01908665,0.005321611,0.262891193,23.92811629
507,91.1964891,0.005309143,0.262275298,23.91858636
508,91.37389155,0.005296584,0.261654833,23.90842035
509,91.551294,0.005283952,0.261030836,23.89771084
510,91.72869645,0.00527127,0.26040435,23.88655155
511,91.9060989,0.005258559,0.259776418,23.87503716
512,92.08350135,0.00524584,0.259148087,23.86326321
513,92.2609038,0.005233134,0.258520401,23.85132586
514,92.43830625,0.005220463,0.257894403,23.83932176
515,92.6157087,0.005207846,0.257271128,23.82734788
516,92.79311115,0.005195305,0.256651609,23.81550127
517,92.9705136,0.005182861,0.256036866,23.80387892
518,93.14791605,0.005170534,0.25542791,23.79257756
519,93.3253185,0.005158345,0.254825741,23.78169343
520,93.50272095,0.005146313,0.254231341,23.7713221
521,93.6801234,0.005134457,0.253645676,23.76155826
522,93.85752585,0.005122798,0.253069695,23.75249548
523,94.0349283,0.005111353,0.252504325,23.74422605
524,94.21233075,0.005100142,0.251950467,23.73684069
525,94.3897332,0.005089181,0.251408999,23.73042838
526,94.56713565,0.005078488,0.250880773,23.72507612
527,94.7445381,0.00506808,0.250366609,23.7208687
528,94.92194055,0.005057973,0.249867295,23.71788849
529,95.099343,0.005048181,0.249383586,23.71621519
530,95.27674545,0.00503872,0.248916202,23.71592562
531,95.4541479,0.005029603,0.248465824,23.71709352
532,95.63155035,0.005020844,0.248033094,23.71978929
533,95.8089528,0.005012453,0.247618611,23.72407979
534,95.98635525,0.005004444,0.247222931,23.73002812
535,96.1637577,0.004996825,0.246846567,23.73769344
536,96.34116015,0.004989607,0.246489981,23.74713073
537,96.5185626,0.004982798,0.246153589,23.7583906
538,96.69596505,0.004976404,0.245837757,23.77151913
539,96.8733675,0.004970433,0.245542797,23.78655766
540,97.05076995,0.004964891,0.245268972,23.80354261
541,97.2281724,0.00495978,0.245016488,23.82250536
542,97.40557485,0.004955104,0.244785497,23.84347206
543,97.58297731,0.004950865,0.244576095,23.86646352
544,97.76037976,0.004947064,0.244388321,23.89149503
545,97.93778221,0.0049437,0.244222156,23.91857633
546,98.11518466,0.004940773,0.244077525,23.94771142
547,98.29258711,0.004938278,0.243954293,23.97889855
548,98.46998956,0.004936213,0.243852266,24.01213009
549,98.64739201,0.004934572,0.243771194,24.04739253
550,98.82479446,0.004933348,0.243710766,24.08466638
551,99.00219691,0.004932536,0.243670615,24.12392622
552,99.17959936,0.004932125,0.243650315,24.16514062
553,99.35700181,0.004932106,0.243649383,24.20827222
554,99.53440426,0.004932468,0.243667282,24.25327773
555,99.71180671,0.0049332,0.243703416,24.30010795
556,99.88920916,0.004934287,0.24375714,24.34870792
557,100.0666116,0.004935716,0.243827752,24.39901693
558,100.2440141,0.004937472,0.243914501,24.45096865
559,100.4214165,0.004939539,0.244016586,24.50449126
560,100.598819,0.004941899,0.24413316,24.55950758
561,100.7762214,0.004944534,0.244263328,24.61593527
562,100.9536239,0.004947425,0.244406154,24.67368692
563,101.1310263,0.004950552,0.244560658,24.73267034
564,101.3084288,0.004953896,0.244725824,24.7927887
565,101.4858312,0.004957434,0.244900599,24.85394081
566,101.6632337,0.004961144,0.245083895,24.91602133
567,101.8406361,0.004965004,0.245274597,24.97892102
568,102.0180386,0.004968991,0.24547156,25.04252705
569,102.195441,0.004973082,0.245673613,25.10672326
570,102.3728435,0.004977251,0.245879567,25.17139045
571,102.5502459,0.004981474,0.246088212,25.2364067
572,102.7276484,0.004985727,0.246298325,25.30164771
573,102.9050508,0.004989985,0.246508669,25.36698707
574,103.0824533,0.004994223,0.246718,25.43229668
575,103.2598557,0.004998414,0.246925069,25.497447
576,103.4372582,0.005002535,0.247128626,25.56230748
577,103.6146606,0.005006559,0.247327422,25.62674686
578,103.7920631,0.005010462,0.247520213,25.69063356
579,103.9694655,0.005014218,0.247705765,25.75383601
580,104.146868,0.005017802,0.247882856,25.81622304
581,104.3242704,0.005021191,0.248050277,25.87766419
582,104.5016729,0.005024361,0.248206841,25.93803014
583,104.6790753,0.005027287,0.248351382,25.99719299
584,104.8564778,0.005029946,0.248482757,26.05502665
585,105.0338802,0.005032316,0.248599853,26.11140717
586,105.2112827,0.005034376,0.248701588,26.16621307
587,105.3886851,0.005036103,0.248786913,26.21932568
588,105.5660876,0.005037478,0.248854817,26.27062943
589,105.74349,0.00503848,0.248904327,26.3200122
590,105.9208925,0.005039091,0.248934511,26.36736557
591,106.0982949,0.005039293,0.248944482,26.41258511
592,106.2756974,0.005039068,0.2489334,26.45557068
593,106.4530998,0.005038402,0.24890047,26.49622662
594,106.6305023,0.005037278,0.24884495,26.53446206
595,106.8079047,0.005035683,0.248766148,26.57019107
596,106.9853072,0.005033603,0.248663425,26.6033329
597,107.1627096,0.005031028,0.248536196,26.63381217
598,107.3401121,0.005027946,0.248383931,26.661559
599,107.5175145,0.005024347,0.248206158,26.6865092
600,107.694917,0.005020224,0.24800246,26.70860434
601,107.8723194,0.005015568,0.247772478,26.72779192
602,108.0497219,0.005010375,0.247515912,26.74402541
603,108.2271243,0.005004638,0.247232517,26.75726434
604,108.4045268,0.004998354,0.246922109,26.76747433
605,108.5819292,0.004991521,0.246584559,26.77462714
606,108.7593317,0.004984138,0.246219798,26.77870064
607,108.9367341,0.004976203,0.24582781,26.77967883
608,109.1141366,0.004967718,0.245408639,26.77755179
609,109.291539,0.004958684,0.244962381,26.77231562
610,109.4689415,0.004949106,0.244489186,26.76397239
611,109.6463439,0.004938986,0.243989257,26.75253002
612,109.8237464,0.00492833,0.243462849,26.73800222
613,110.0011488,0.004917144,0.242910266,26.72040829
614,110.1785513,0.004905436,0.242331858,26.69977306
615,110.3559537,0.004893212,0.241728024,26.67612666
616,110.5333562,0.004880483,0.241099206,26.64950441
617,110.7107586,0.004867259,0.240445887,26.6199466
618,110.8881611,0.004853548,0.239768592,26.58749829
619,111.0655635,0.004839364,0.239067883,26.55220911
620,111.242966,0.004824718,0.238344355,26.51413303
621,111.4203684,0.004809623,0.237598641,26.47332813
622,111.5977709,0.004794092,0.236831401,26.42985637
623,111.7751733,0.004778139,0.236043323,26.38378333
624,111.9525758,0.004761779,0.235235123,26.33517795
625,112.1299782,0.004745027,0.234407539,26.28411228
626,112.3073807,0.004727897,0.23356133,26.2306612
627,112.4847831,0.004710406,0.232697272,26.17490216
628,112.6621856,0.00469257,0.231816157,26.11691491
629,112.839588,0.004674405,0.230918791,26.05678123
630,113.0169905,0.004655928,0.230005989,25.99458463
631,113.1943929,0.004637154,0.229078574,25.93041012
632,113.3717954,0.004618102,0.228137376,25.8643439
633,113.5491978,0.004598787,0.227183226,25.7964731
634,113.7266003,0.004579228,0.226216958,25.72688553
635,113.9040027,0.004559439,0.225239402,25.65566943
636,114.0814052,0.004539439,0.224251385,25.58291317
637,114.2588076,0.004519244,0.22325373,25.50870504
638,114.4362101,0.00449887,0.22224725,25.43313301
639,114.6136125,0.004478334,0.221232748,25.35628447
640,114.791015,0.004457651,0.220211016,25.27824603
641,114.9684174,0.004436838,0.219182832,25.19910331
642,115.1458199,0.00441591,0.218148959,25.11894069
643,115.3232223,0.004394882,0.217110142,25.03784118
644,115.5006248,0.004373768,0.21606711,24.95588619
645,115.6780272,0.004352583,0.21502057,24.87315537
646,115.8554297,0.004331341,0.21397121,24.78972646
647,116.0328321,0.004310056,0.212919694,24.70567512
648,116.2102346,0.00428874,0.211866665,24.62107482
649,116.387637,0.004267406,0.21081274,24.53599669
650,116.5650395,0.004246065,0.209758514,24.45050943
651,116.7424419,0.00422473,0.208704553,24.36467919
652,116.9198444,0.004203412,0.207651401,24.27856952
653,117.0972468,0.00418212,0.206599573,24.19224123
654,117.2746493,0.004160865,0.205549559,24.10575242
655,117.4520517,0.004139656,0.20450182,24.01915836
656,117.6294542,0.004118502,0.203456793,23.93251147
657,117.8068566,0.004097411,0.202414885,23.84586132
658,117.9842591,0.004076391,0.201376478,23.75925461
659,118.1616615,0.004055449,0.200341928,23.67273514
660,118.339064,0.004034591,0.199311563,23.58634386
661,118.5164664,0.004013825,0.198285686,23.50011887
662,118.6938689,0.003993155,0.197264574,23.41409545
663,118.8712713,0.003972587,0.196248479,23.32830614
664,119.0486738,0.003952124,0.195237628,23.24278074
665,119.2260762,0.003931772,0.194232228,23.15754639
666,119.4034787,0.003911534,0.193232458,23.07262767
667,119.5808811,0.003891414,0.192238478,22.98804661
668,119.7582836,0.003871413,0.191250427,22.90382287
669,119.935686,0.003851534,0.190268422,22.81997374
670,120.1130885,0.00383178,0.189292562,22.73651429
671,120.2904909,0.003812153,0.188322928,22.65345748
672,120.4678934,0.003792652,0.187359583,22.57081423
673,120.6452958,0.003773279,0.186402573,22.48859356
674,120.8226983,0.003754036,0.185451931,22.40680272
675,121.0001007,0.003734922,0.184507675,22.32544729
676,121.1775032,0.003715937,0.183569811,22.2445313
677,121.3549056,0.003697081,0.182638331,22.16405739
678,121.5323081,0.003678355,0.181713219,22.0840269
679,121.7097105,0.003659756,0.180794449,22.00444002
680,121.887113,0.003641286,0.179881986,21.92529591
681,122.0645154,0.003622942,0.178975788,21.84659285
682,122.2419179,0.003604724,0.178075808,21.76832834
683,122.4193203,0.003586631,0.177181994,21.69049924
684,122.5967228,0.003568661,0.176294288,21.6131019
685,122.7741252,0.003550814,0.175412631,21.53613229
686,122.9515277,0.003533088,0.174536962,21.4595861
687,123.1289301,0.003515482,0.173667219,21.38345887
688,123.3063326,0.003497995,0.17280334,21.30774611
689,123.483735,0.003480625,0.171945264,21.23244341
690,123.6611375,0.003463372,0.171092932,21.15754653
691,123.8385399,0.003446234,0.170246286,21.08305152
692,124.0159424,0.003429209,0.169405275,21.00895481
693,124.1933448,0.003412298,0.168569848,20.9352533
694,124.3707473,0.003395499,0.167739962,20.86194445
695,124.5481497,0.003378811,0.166915578,20.78902636
696,124.7255522,0.003362234,0.166096662,20.71649784
697,124.9029546,0.003345767,0.165283188,20.64435847
698,125.0803571,0.00332941,0.164475136,20.57260871
699,125.2577595,0.003313163,0.163672494,20.50124987
700,125.435162,0.003297025,0.162875257,20.43028426
701,125.6125644,0.003280996,0.162083429,20.35971514
702,125.7899669,0.003265077,0.16129702,20.28954683
703,125.9673693,0.003249268,0.160516051,20.2197847
704,126.1447718,0.00323357,0.15974055,20.15043521
705,126.3221742,0.003217983,0.158970553,20.0815059
706,126.4995767,0.003202509,0.158206106,20.01300547
707,126.6769791,0.003187148,0.157447263,19.9449437
708,126.8543816,0.003171901,0.156694087,19.87733151
709,127.031784,0.003156771,0.155946648,19.81018094
710,127.2091865,0.003141759,0.155205026,19.74350513
711,127.3865889,0.003126866,0.154469308,19.6773183
712,127.5639914,0.003112095,0.15373959,19.61163575
713,127.7413938,0.003097447,0.153015974,19.54647383
714,127.9187963,0.003082925,0.152298571,19.48184989
715,128.0961987,0.003068531,0.151587498,19.41778227
716,128.2736012,0.003054267,0.150882879,19.35429025
717,128.4510036,0.003040137,0.150184844,19.291394
718,128.6284061,0.003026143,0.149493531,19.22911457
719,128.8058085,0.003012288,0.14880908,19.16747381
720,128.983211,0.002998575,0.148131638,19.10649433
721,129.1606134,0.002985007,0.147461358,19.04619946
722,129.3380159,0.002971586,0.146798395,18.98661318
723,129.5154183,0.002958318,0.14614291,18.9277601
724,129.6928208,0.002945204,0.145495065,18.86966535
725,129.8702232,0.002932248,0.144855026,18.81235459
726,130.0476257,0.002919453,0.144222963,18.75585391
727,130.2250281,0.002906823,0.143599046,18.70018977
728,130.4024306,0.002894362,0.142983447,18.645389
729,130.579833,0.002882072,0.14237634,18.59147868
730,130.7572355,0.002869958,0.141777899,18.53848612
731,130.9346379,0.002858023,0.141188299,18.48643884
732,131.1120404,0.002846271,0.140607715,18.43536443
733,131.2894428,0.002834704,0.140036321,18.3852906
734,131.4668453,0.002823327,0.139474291,18.33624508
735,131.6442477,0.002812143,0.138921798,18.28825558
736,131.8216502,0.002801156,0.138379012,18.24134975
737,131.9990526,0.002790369,0.137846104,18.19555516
738,132.1764551,0.002779784,0.137323241,18.15089922
739,132.3538575,0.002769407,0.136810589,18.10740919
740,132.53126,0.00275924,0.13630831,18.06511211
741,132.7086624,0.002749285,0.135816566,18.0240348
742,132.8860649,0.002739548,0.135335513,17.98420379
743,133.0634673,0.002730029,0.134865307,17.94564535
744,133.2408698,0.002720734,0.134406098,17.9083854
745,133.4182722,0.002711664,0.133958035,17.87244953
746,133.5956747,0.002702822,0.133521261,17.83786298
747,133.7730771,0.002694212,0.133095918,17.80465057
748,133.9504796,0.002685836,0.132682143,17.77283675
749,134.127882,0.002677697,0.132280069,17.74244552
750,134.3052845,0.002669798,0.131889825,17.71350047
751,134.4826869,0.00266214,0.131511536,17.6860247
752,134.6600894,0.002654727,0.131145323,17.66004086
753,134.8374918,0.002647561,0.130791302,17.63557107
754,135.0148943,0.002640643,0.130449585,17.61263698
755,135.1922967,0.002633978,0.130120281,17.59125967
756,135.3696992,0.002627565,0.129803492,17.5714597
757,135.5471016,0.002621408,0.129499316,17.55325702
758,135.7245041,0.002615507,0.129207847,17.53667099
759,135.9019066,0.002609866,0.128929173,17.52172038
760,136.079309,0.002604486,0.128663376,17.50842324
761,136.2567115,0.002599368,0.128410533,17.49679699
762,136.4341139,0.002594513,0.128170718,17.48685829
763,136.6115164,0.002589924,0.127943994,17.47862306
764,136.7889188,0.0025856,0.127730423,17.47210641
765,136.9663213,0.002581545,0.127530056,17.4673226
766,137.1437237,0.002577757,0.12734294,17.46428501
767,137.3211262,0.002574238,0.127169115,17.46300604
768,137.4985286,0.002570989,0.127008611,17.46349711
769,137.6759311,0.00256801,0.126861452,17.46576855
770,137.8533335,0.002565302,0.126727654,17.46982959
771,138.030736,0.002562864,0.126607223,17.47568822
772,138.2081384,0.002560697,0.126500157,17.48335119
773,138.3855409,0.0025588,0.126406442,17.49282386
774,138.5629433,0.002557172,0.126326056,17.50411019
775,138.7403458,0.002555814,0.126258966,17.51721261
776,138.9177482,0.002554724,0.126205126,17.53213196
777,139.0951507,0.002553902,0.12616448,17.54886737
778,139.2725531,0.002553345,0.126136958,17.56741621
779,139.4499556,0.002553051,0.126122478,17.58777398
780,139.627358,0.00255302,0.126120944,17.60993418
781,139.8047605,0.002553249,0.126132245,17.63388828
782,139.9821629,0.002553735,0.126156256,17.65962559
783,140.1595654,0.002554476,0.126192837,17.68713316
784,140.3369678,0.002555467,0.12624183,17.71639569
785,140.5143703,0.002556707,0.126303064,17.74739548
786,140.6917727,0.00255819,0.126376347,17.78011227
787,140.8691752,0.002559914,0.126461472,17.81452321
788,141.0465776,0.002561872,0.126558213,17.85060277
789,141.2239801,0.00256406,0.126666326,17.88832264
790,141.4013825,0.002566474,0.126785548,17.9276517
791,141.578785,0.002569106,0.126915596,17.96855591
792,141.7561874,0.002571952,0.12705617,18.0109983
793,141.9335899,0.002575004,0.127206949,18.05493887
794,142.1109923,0.002578256,0.12736759,18.10033462
795,142.2883948,0.0025817,0.127537734,18.14713944
796,142.4657972,0.002585329,0.127717,18.19530416
797,142.6431997,0.002589134,0.127904986,18.24477649
798,142.8206021,0.002593107,0.128101274,18.29550108
799,142.9980046,0.00259724,0.128305423,18.34741948
800,143.175407,0.002601522,0.128516975,18.40047018
801,143.3528095,0.002605945,0.128735452,18.4545887
802,143.5302119,0.002610498,0.128960358,18.50970757
803,143.7076144,0.00261517,0.129191181,18.56575647
804,143.8850168,0.002619952,0.129427391,18.62266228
805,144.0624193,0.002624831,0.12966844,18.68034918
806,144.2398217,0.002629797,0.129913768,18.73873878
807,144.4172242,0.002634838,0.1301628,18.79775023
808,144.5946266,0.002639942,0.130414946,18.8573004
809,144.7720291,0.002645097,0.130669606,18.917304
810,144.9494315,0.002650291,0.130926169,18.97767379
811,145.126834,0.00265551,0.131184015,19.03832074
812,145.3042364,0.002660743,0.131442515,19.09915428
813,145.4816389,0.002665976,0.131701035,19.16008246
814,145.6590413,0.002671197,0.131958937,19.22101224
815,145.8364438,0.002676392,0.132215578,19.2818497
816,146.0138462,0.002681548,0.132470316,19.34250033
817,146.1912487,0.002686653,0.132722509,19.40286925
818,146.3686511,0.002691694,0.132971517,19.46286155
819,146.5460536,0.002696657,0.133216706,19.52238254
820,146.723456,0.002701531,0.133457448,19.58133806
821,146.9008585,0.002706301,0.133693125,19.6396348
822,147.0782609,0.002710957,0.133923127,19.69718059
823,147.2556634,0.002715486,0.134146859,19.75388475
824,147.4330658,0.002719876,0.134363742,19.80965838
825,147.6104683,0.002724117,0.134573211,19.8644147
826,147.7878707,0.002728196,0.134774723,19.91806937
827,147.9652732,0.002732103,0.134967756,19.97054085
828,148.1426756,0.002735829,0.135151809,20.02175067
829,148.3200781,0.002739363,0.135326411,20.07162378
830,148.4974805,0.002742697,0.135491113,20.12008889
831,148.674883,0.002745822,0.135645499,20.16707871
832,148.8522854,0.002748731,0.135789184,20.21253035
833,149.0296879,0.002751416,0.135921814,20.25638552
834,149.2070903,0.00275387,0.136043072,20.29859087
835,149.3844928,0.002756089,0.136152675,20.33909824
836,149.5618952,0.002758067,0.136250379,20.37786489
837,149.7392977,0.0027598,0.13633598,20.41485382
838,149.9167001,0.002761284,0.136409312,20.45003389
839,150.0941026,0.002762518,0.136470253,20.48338009
840,150.271505,0.002763499,0.136518721,20.51487373
841,150.4489075,0.002764227,0.136554681,20.54450256
842,150.6263099,0.002764702,0.136578138,20.57226093
843,150.8037124,0.002764924,0.136589144,20.59814996
844,150.9811148,0.002764897,0.136587795,20.62217754
845,151.1585173,0.002764622,0.136574233,20.64435848
846,151.3359197,0.002764104,0.136548643,20.66471454
847,151.5133222,0.002763348,0.136511259,20.6832744
848,151.6907246,0.002762358,0.136462356,20.70007373
849,151.8681271,0.002761141,0.136402255,20.71515507
850,152.0455295,0.002759705,0.136331321,20.72856784
851,152.222932,0.002758058,0.136249959,20.7403682
852,152.4003344,0.002756209,0.136158618,20.75061894
853,152.5777369,0.002754168,0.136057788,20.75938935
854,152.7551393,0.002751946,0.135947996,20.76675502
855,152.9325418,0.002749553,0.135829807,20.77279764
856,153.1099442,0.002747003,0.135703823,20.77760477
857,153.2873467,0.002744308,0.135570678,20.78126958
858,153.4647491,0.002741481,0.13543104,20.78389058
859,153.6421516,0.002738537,0.135285604,20.78557125
860,153.819554,0.002735491,0.135135093,20.7864198
861,153.9969565,0.002732356,0.134980257,20.7865487
862,154.1743589,0.00272915,0.134821864,20.78607438
863,154.3517614,0.002725888,0.134660704,20.78511679
864,154.5291638,0.002722586,0.134497582,20.78379895
865,154.7065663,0.002719261,0.134333319,20.78224657
866,154.8839687,0.002715929,0.134168744,20.78058753
867,155.0613712,0.002712608,0.134004693,20.77895142
868,155.2387736,0.002709315,0.133842007,20.77746906
869,155.4161761,0.002706067,0.133681528,20.77627196
870,155.5935785,0.00270288,0.133524096,20.77549185
871,155.770981,0.002699771,0.133370542,20.77526014
872,155.9483834,0.002696758,0.133221691,20.77570736
873,156.1257859,0.002693857,0.133078355,20.77696268
874,156.3031883,0.002691083,0.132941327,20.77915332
875,156.4805908,0.002688453,0.132811385,20.78240404
876,156.6579932,0.002685981,0.132689282,20.78683659
877,156.8353957,0.002683683,0.132575743,20.79256918
878,157.0127981,0.002681572,0.132471469,20.79971597
879,157.1902006,0.002679662,0.132377123,20.80838652
880,157.367603,0.002677966,0.132293337,20.8186853
881,157.5450055,0.002676496,0.132220702,20.83071117
882,157.7224079,0.002675262,0.132159769,20.84455695
883,157.8998104,0.002674276,0.132111044,20.86030886
884,158.0772128,0.002673546,0.132074989,20.87804617
885,158.2546153,0.002673081,0.132052014,20.89784069
886,158.4320177,0.002672888,0.132042479,20.91975641
887,158.6094202,0.002672973,0.132046691,20.94384908
888,158.7868226,0.002673342,0.1320649,20.97016588
889,158.9642251,0.002673998,0.132097301,20.99874506
890,159.1416275,0.002674943,0.132144028,21.02961565
891,159.31903,0.002676181,0.132205156,21.06279718
892,159.4964324,0.00267771,0.132280698,21.09829944
893,159.6738349,0.00267953,0.132370606,21.13612224
894,159.8512373,0.002681638,0.132474766,21.17625525
895,160.0286398,0.002684032,0.132593003,21.21867787
896,160.2060422,0.002686705,0.132725076,21.26335906
897,160.3834447,0.002689653,0.13287068,21.31025734
898,160.5608471,0.002692867,0.133029447,21.35932067
899,160.7382496,0.002696338,0.133200944,21.4104865
900,160.915652,0.002700057,0.133384674,21.4636818
901,161.0930545,0.002704013,0.13358008,21.51882307
902,161.2704569,0.002708192,0.133786541,21.57581653
903,161.4478594,0.002712582,0.134003376,21.63455818
904,161.6252618,0.002717166,0.134229846,21.69493403
905,161.8026643,0.002721929,0.134465155,21.75682029
906,161.9800667,0.002726854,0.134708449,21.82008363
907,162.1574692,0.002731922,0.134958825,21.88458143
908,162.3348716,0.002737115,0.135215323,21.95016215
909,162.5122741,0.00274241,0.13547694,22.01666562
910,162.6896765,0.002747789,0.135742623,22.08392346
911,162.867079,0.002753227,0.136011277,22.15175946
912,163.0444814,0.002758702,0.136281767,22.21999005
913,163.2218839,0.002764191,0.136552919,22.28842472
914,163.3992863,0.002769669,0.136823526,22.35686655
915,163.5766888,0.002775111,0.13709235,22.42511272
916,163.7540912,0.002780491,0.137358125,22.49295501
917,163.9314937,0.002785783,0.137619562,22.5601804
918,164.1088961,0.002790961,0.137875351,22.62657162
919,164.2862986,0.002795997,0.138124165,22.69190774
920,164.463701,0.002800866,0.138364664,22.75596479
921,164.6411035,0.002805538,0.138595502,22.81851638
922,164.8185059,0.002809988,0.138815324,22.87933429
923,164.9959084,0.002814187,0.139022776,22.93818916
924,165.1733108,0.002818109,0.139216505,22.99485108
925,165.3507133,0.002821726,0.139395167,23.04909027
926,165.5281157,0.00282501,0.139557426,23.10067769
927,165.7055182,0.002827936,0.13970196,23.14938572
928,165.8829206,0.002830477,0.139827468,23.19498877
929,166.0603231,0.002832606,0.139932667,23.23726392
930,166.2377255,0.002834299,0.140016302,23.27599157
931,166.415128,0.002835531,0.140077145,23.310956
932,166.5925304,0.002836277,0.140114001,23.34194604
933,166.7699329,0.002836514,0.140125712,23.36875559
934,166.9473353,0.002836219,0.140111157,23.39118425
935,167.1247378,0.002835371,0.140069257,23.40903785
936,167.3021402,0.002833948,0.13999898,23.42212895
937,167.4795427,0.002831931,0.13989934,23.43027743
938,167.6569451,0.002829301,0.139769401,23.43331088
939,167.8343476,0.00282604,0.139608283,23.43106514
940,168.01175,0.00282213,0.139415158,23.42338471
941,168.1891525,0.002817557,0.139189257,23.41012314
942,168.3665549,0.002812307,0.138929869,23.39114344
943,168.5439574,0.002806365,0.138636346,23.36631838
944,168.7213598,0.002799721,0.138308101,23.33553088
945,168.8987623,0.002792363,0.137944612,23.29867422
946,169.0761647,0.002784282,0.137545421,23.25565233
947,169.2535672,0.002775471,0.137110138,23.20638003
948,169.4309696,0.002765922,0.136638439,23.15078316
949,169.6083721,0.002755631,0.136130065,23.08879877
950,169.7857745,0.002744594,0.135584829,23.02037522
951,169.963177,0.002732809,0.135002609,22.94547229
952,170.1405794,0.002720273,0.134383351,22.86406119
953,170.3179819,0.002706988,0.133727069,22.7761246
954,170.4953843,0.002692956,0.133033846,22.68165664
955,170.6727868,0.002678178,0.132303827,22.58066282
956,170.8501892,0.00266266,0.131537226,22.47315998
957,171.0275917,0.002646407,0.130734321,22.35917612
958,171.2049941,0.002629426,0.129895453,22.23875031
959,171.3823966,0.002611726,0.129021025,22.11193249
960,171.559799,0.002593314,0.1281115,21.97878326
961,171.7372015,0.002574203,0.127167401,21.83937365
962,171.9146039,0.002554404,0.126189308,21.69378487
963,172.0920064,0.00253393,0.125177854,21.54210802
964,172.2694088,0.002512794,0.124133727,21.38444379
965,172.4468113,0.002491012,0.123057666,21.22090212
966,172.6242137,0.002468599,0.121950458,21.05160185
967,172.8016162,0.002445572,0.120812935,20.87667036
968,172.9790186,0.00242195,0.119645974,20.6962432
969,173.1564211,0.00239775,0.118450494,20.51046364
970,173.3338235,0.002372993,0.117227451,20.31948229
971,173.511226,0.002347697,0.115977837,20.12345667
972,173.6886284,0.002321885,0.114702678,19.92255078
973,173.8660309,0.002295576,0.113403029,19.71693461
974,174.0434333,0.002268794,0.112079975,19.50678373
975,174.2208358,0.002241561,0.110734624,19.29227882
976,174.3982382,0.002213899,0.109368107,19.07360519
977,174.5756407,0.002185832,0.107981573,18.85095232
978,174.7530431,0.002157383,0.106576189,18.62451342
979,174.9304456,0.002128577,0.105153136,18.3944849
980,175.107848,0.002099437,0.103713604,18.161066
981,175.2852505,0.002069988,0.102258794,17.92445825
982,175.4626529,0.002040253,0.10078991,17.68486504
983,175.6400554,0.002010259,0.099308163,17.44249119
984,175.8174578,0.001980029,0.09781476,17.19754251
985,175.9948603,0.001949587,0.096310911,16.95022535
986,176.1722627,0.001918958,0.094797819,16.70074619
987,176.3496652,0.001888166,0.09327668,16.44931124
988,176.5270676,0.001857235,0.091748683,16.19612605
989,176.7044701,0.00182619,0.090215007,15.94139509
990,176.8818725,0.001795053,0.088676817,15.68532144
991,177.059275,0.001763847,0.087135262,15.42810638
992,177.2366774,0.001732597,0.085591478,15.16994911
993,177.4140799,0.001701324,0.084046578,14.91104637
994,177.5914823,0.001670051,0.08250166,14.65159218
995,177.7688848,0.001638799,0.080957798,14.39177753
996,177.9462872,0.00160759,0.079416044,14.13179011
997,178.1236897,0.001576444,0.077877424,13.87181407
998,178.3010921,0.001545382,0.076342941,13.61202976
999,178.4784946,0.001514424,0.074813571,13.35261355