,vehicle_weights_bins_kg,p_of_weights
0,9071.858188712795,2.2249130768322033e-07
1,9116.808837395605,2.229449081804814e-07
2,9161.759486078417,2.22807556016338e-07
3,9206.710134761228,2.221011828524407e-07
4,9251.66078344404,2.2085509115738766e-07
5,9296.61143212685,2.1910565373891098e-07
6,9341.562080809661,2.1689589823168195e-07
7,9386.512729492473,2.14274983389066e-07
8,9431.463378175284,2.1129757618658057e-07
9,9476.414026858096,2.0802314068372697e-07
10,9521.364675540906,2.0451515126741227e-07
11,9566.315324223717,2.0084024428141582e-07
12,9611.265972906529,1.9706732310903424e-07
13,9656.21662158934,1.9326663250658118e-07
14,9701.167270272152,1.8950881837984955e-07
15,9746.117918954962,1.8586398925885535e-07
16,9791.068567637773,1.824007954710651e-07
17,9836.019216320585,1.7918554145956183e-07
18,9880.969865003395,1.7628134586537544e-07
19,9925.920513686207,1.7374736292165178e-07
20,9970.871162369018,1.7163807742324675e-07
21,10015.821811051828,1.7000268407167165e-07
22,10060.77245973464,1.6888456038517607e-07
23,10105.723108417451,1.683208406392316e-07
24,10150.673757100263,1.6834209649428128e-07
25,10195.624405783074,1.689721281037169e-07
26,10240.575054465884,1.7022786760180002e-07
27,10285.525703148696,1.7211939497263666e-07
28,10330.476351831507,1.7465006441949705e-07
29,10375.427000514319,1.7781673750959454e-07
30,10420.37764919713,1.8161011758294038e-07
31,10465.32829787994,1.8601517820511046e-07
32,10510.278946562752,1.9101167683309069e-07
33,10555.229595245562,1.965747433723095e-07
34,10600.180243928373,2.0267553195412166e-07
35,10645.130892611185,2.092819230804027e-07
36,10690.081541293996,2.163592622906177e-07
37,10735.032189976808,2.2387112073243894e-07
38,10779.982838659618,2.3178006248517932e-07
39,10824.933487342429,2.400484032203202e-07
40,10869.88413602524,2.486389448070115e-07
41,10914.834784708051,2.575156708005867e-07
42,10959.785433390862,2.666443884014968e-07
43,11004.736082073674,2.7599330344644903e-07
44,11049.686730756484,2.8553351629073415e-07
45,11094.637379439297,2.952394280493497e-07
46,11139.588028122107,3.0508904856314904e-07
47,11184.538676804917,3.1506419961319987e-07
48,11229.48932548773,3.2515060927969166e-07
49,11274.43997417054,3.35337895879323e-07
50,11319.390622853352,3.456194425565097e-07
51,11364.341271536163,3.5599216628123746e-07
52,11409.291920218973,3.66456187647003e-07
53,11454.242568901785,3.770144103901656e-07
54,11499.193217584596,3.8767202189130477e-07
55,11544.143866267408,3.984359279965314e-07
56,11589.094514950219,4.0931413724446025e-07
57,11634.045163633029,4.203151109436175e-07
58,11678.995812315841,4.3144709646715854e-07
59,11723.946460998652,4.427174615822216e-07
60,11768.897109681464,4.5413204759032957e-07
61,11813.847758364274,4.656945585196281e-07
62,11858.798407047085,4.774060025931036e-07
63,11903.749055729897,4.892642007296191e-07
64,11948.699704412707,5.012633749629809e-07
65,11993.65035309552,5.133938274491146e-07
66,12038.60100177833,5.256417182457054e-07
67,12083.55165046114,5.379889473746984e-07
68,12128.502299143953,5.504131439046655e-07
69,12173.452947826763,5.628877620083831e-07
70,12218.403596509575,5.753822812517602e-07
71,12263.354245192386,5.878625058391831e-07
72,12308.304893875196,6.002909552555421e-07
73,12353.255542558009,6.126273367732119e-07
74,12398.206191240819,6.248290886863512e-07
75,12443.156839923631,6.368519819322902e-07
76,12488.107488606442,6.486507669806836e-07
77,12533.058137289252,6.601798525185888e-07
78,12578.008785972064,6.713940025188592e-07
79,12622.959434654875,6.82249038719926e-07
80,12667.910083337687,6.927025363218611e-07
81,12712.860732020497,7.027145017598078e-07
82,12757.811380703308,7.122480226852626e-07
83,12802.762029386118,7.212698816967653e-07
84,12847.71267806893,7.297511268401687e-07
85,12892.663326751743,7.376675933725566e-07
86,12937.613975434553,7.450003726851024e-07
87,12982.564624117364,7.517362255489279e-07
88,13027.515272800174,7.578679379348997e-07
89,13072.465921482986,7.633946185268267e-07
90,13117.416570165798,7.683219376746766e-07
91,13162.367218848609,7.726623079127156e-07
92,13207.31786753142,7.764350063035171e-07
93,13252.26851621423,7.796662387835942e-07
94,13297.219164897042,7.823891464134276e-07
95,13342.169813579854,7.846437530181001e-07
96,13387.120462262665,7.864768531967173e-07
97,13432.071110945475,7.879418391373109e-07
98,13477.021759628286,7.890984641588607e-07
99,13521.972408311098,7.900125404731368e-07
100,13566.92305699391,7.907555683724066e-07
101,13611.87370567672,7.914042939544458e-07
102,13656.82435435953,7.920401926352931e-07
103,13701.775003042341,7.927488761037324e-07
104,13746.725651725154,7.936194210589186e-07
105,13791.676300407966,7.947436190501682e-07
106,13836.626949090776,7.962151479997163e-07
107,13881.577597773587,7.981286675155892e-07
108,13926.528246456397,8.005788418616858e-07
109,13971.47889513921,8.036592964035479e-07
110,14016.429543822022,8.074615154392393e-07
111,14061.380192504832,8.120736914963981e-07
112,14106.330841187642,8.175795383634737e-07
113,14151.281489870453,8.240570822569395e-07
114,14196.232138553265,8.315774475365777e-07
115,14241.182787236077,8.40203655197996e-07
116,14286.133435918888,8.499894539280187e-07
117,14331.084084601698,8.609782047415562e-07
118,14376.034733284509,8.732018410709422e-07
119,14420.98538196732,8.866799266012197e-07
120,14465.936030650133,9.014188330967406e-07
121,14510.886679332943,9.174110599154617e-07
122,14555.837328015754,9.346347158380273e-07
123,14600.787976698564,9.530531822414549e-07
124,14645.738625381377,9.726149745274194e-07
125,14690.689274064189,9.932538160903395e-07
126,14735.639922747,1.0148889360121337e-06
127,14780.59057142981,1.0374255981429835e-06
128,14825.54122011262,1.060755865327579e-06
129,14870.491868795434,1.0847595983341701e-06
130,14915.442517478245,1.109305684619415e-06
131,14960.393166161055,1.1342534875070337e-06
132,15005.343814843865,1.1594545017714046e-06
133,15050.294463526676,1.1847541971041226e-06
134,15095.245112209486,1.2099940266118259e-06
135,15140.1957608923,1.2350135734573902e-06
136,15185.14640957511,1.2596528051225851e-06
137,15230.097058257921,1.2837544016418102e-06
138,15275.047706940732,1.307166121627509e-06
139,15319.998355623546,1.3297431680617564e-06
140,15364.949004306356,1.3513505147313782e-06
141,15409.899652989166,1.3718651538857973e-06
142,15454.850301671977,1.3911782262254462e-06
143,15499.800950354787,1.4091969956900828e-06
144,15544.751599037598,1.4258466336930341e-06
145,15589.702247720408,1.4410717803976027e-06
146,15634.652896403222,1.4548378542906167e-06
147,15679.603545086033,1.4671320855885284e-06
148,15724.554193768843,1.4779642538077244e-06
149,15769.504842451657,1.4873671150206549e-06
150,15814.455491134468,1.4953965097687138e-06
151,15859.406139817278,1.502131148171204e-06
152,15904.356788500088,1.5076720743129654e-06
153,15949.307437182899,1.5121418173724316e-06
154,15994.25808586571,1.5156832420350506e-06
155,16039.20873454852,1.5184581154068593e-06
156,16084.159383231334,1.520645411799736e-06
157,16129.110031914144,1.5224393803256278e-06
158,16174.060680596955,1.5240474031588247e-06
159,16219.011329279765,1.5256876745748896e-06
160,16263.96197796258,1.5275867324521692e-06
161,16308.91262664539,1.5299768748506262e-06
162,16353.8632753282,1.5330934946103763e-06
163,16398.81392401101,1.5371723647068227e-06
164,16443.76457269382,1.5424469064420978e-06
165,16488.71522137663,1.5491454715372853e-06
166,16533.66587005944,1.5574886679129082e-06
167,16578.616518742256,1.5676867575018469e-06
168,16623.567167425066,1.5799371529178972e-06
169,16668.51781610788,1.5944220382782466e-06
170,16713.46846479069,1.6113061380085552e-06
171,16758.4191134735,1.6307346560805406e-06
172,16803.36976215631,1.6528314068581145e-06
173,16848.320410839122,1.6776971575484678e-06
174,16893.271059521932,1.7054082011355602e-06
175,16938.221708204743,1.7360151775602196e-06
176,16983.172356887553,1.769542159732712e-06
177,17028.123005570367,1.805986019635628e-06
178,17073.073654253178,1.845316088208882e-06
179,17118.02430293599,1.8874741208157671e-06
180,17162.974951618802,1.9323745777891026e-06
181,17207.925600301613,1.97990522678536e-06
182,17252.876248984423,2.0299280703878596e-06
183,17297.826897667233,2.082280598582873e-06
184,17342.777546350044,2.1367773613984434e-06
185,17387.728195032854,2.193211852195203e-06
186,17432.678843715665,2.251358686912871e-06
187,17477.62949239848,2.3109760591228965e-06
188,17522.58014108129,2.3718084451607875e-06
189,17567.530789764103,2.4335895280803474e-06
190,17612.481438446914,2.496045303872676e-06
191,17657.432087129724,2.558897328517993e-06
192,17702.382735812535,2.621866060182442e-06
193,17747.333384495345,2.684674247416144e-06
194,17792.284033178155,2.7470503117138626e-06
195,17837.234681860966,2.8087316713985956e-06
196,17882.185330543776,2.869467953574529e-06
197,17927.13597922659,2.929024041920751e-06
198,17972.0866279094,2.9871829103645765e-06
199,18017.037276592215,3.043748196138155e-06
200,18061.987925275025,3.0985464702922245e-06
201,18106.938573957836,3.1514291692793886e-06
202,18151.889222640646,3.2022741575512935e-06
203,18196.839871323456,3.250986898037002e-06
204,18241.790520006267,3.2975012146572473e-06
205,18286.741168689077,3.341779638450756e-06
206,18331.691817371888,3.3838133362135025e-06
207,18376.6424660547,3.423621627564431e-06
208,18421.593114737512,3.461251102862166e-06
209,18466.543763420323,3.496774360250683e-06
210,18511.494412103137,3.530288385193307e-06
211,18556.445060785947,3.561912600096634e-06
212,18601.395709468758,3.591786615009239e-06
213,18646.346358151568,3.6200677129321873e-06
214,18691.29700683438,3.646928105070552e-06
215,18736.24765551719,3.6725519924951146e-06
216,18781.1983042,3.6971324713067025e-06
217,18826.148952882813,3.720868318653763e-06
218,18871.099601565624,3.743960697004246e-06
219,18916.050250248434,3.766609814064008e-06
220,18961.00089893125,3.7890115757958093e-06
221,19005.95154761406,3.8113542702229733e-06
222,19050.90219629687,3.833815320160049e-06
223,19095.85284497968,3.856558143709953e-06
224,19140.80349366249,3.879729162267684e-06
225,19185.7541423453,3.903454996784863e-06
226,19230.70479102811,3.927839894044926e-06
227,19275.655439710925,3.952963425499051e-06
228,19320.606088393735,3.97887850161418e-06
229,19365.556737076546,4.005609744462704e-06
230,19410.50738575936,4.03315226021062e-06
231,19455.45803444217,4.061470851022937e-06
232,19500.40868312498,4.090499702510804e-06
233,19545.35933180779,4.120142578049985e-06
234,19590.3099804906,4.150273545012365e-06
235,19635.260629173412,4.1807382501479115e-06
236,19680.211277856222,4.211355752084222e-06
237,19725.161926539036,4.2419209083053435e-06
238,19770.112575221847,4.2722073022363476e-06
239,19815.063223904657,4.30197068348353e-06
240,19860.01387258747,4.330952881207714e-06
241,19904.96452127028,4.358886137446765e-06
242,19949.915169953092,4.385497794395766e-06
243,19994.865818635903,4.4105152576624045e-06
244,20039.816467318713,4.433671146805816e-06
245,20084.767116001523,4.454708535481875e-06
246,20129.717764684334,4.473386176662019e-06
247,20174.668413367144,4.489483604006227e-06
248,20219.61906204996,4.502805998822434e-06
249,20264.56971073277,4.513188713308474e-06
250,20309.520359415583,4.520501345024854e-06
251,20354.471008098393,4.524651264755243e-06
252,20399.421656781204,4.525586509940112e-06
253,20444.372305464014,4.5232979684786615e-06
254,20489.322954146824,4.51782079254817e-06
255,20534.273602829635,4.509234998776924e-06
256,20579.224251512445,4.497665229144182e-06
257,20624.174900195256,4.483279665844174e-06
258,20669.12554887807,4.466288112487953e-06
259,20714.07619756088,4.4469392728737525e-06
260,20759.026846243694,4.425517276593413e-06
261,20803.977494926505,4.4023375174624984e-06
262,20848.928143609315,4.377741885714714e-06
263,20893.878792292126,4.352093487716666e-06
264,20938.829440974936,4.325770957338844e-06
265,20983.780089657746,4.299162470858803e-06
266,21028.730738340557,4.27265958225742e-06
267,21073.681387023367,4.246650997974516e-06
268,21118.63203570618,4.221516409678426e-06
269,21163.58268438899,4.197620500512616e-06
270,21208.533333071806,4.175307234817149e-06
271,21253.483981754616,4.154894533741557e-06
272,21298.434630437427,4.136669429765563e-06
273,21343.385279120237,4.120883782245189e-06
274,21388.335927803048,4.107750624036657e-06
275,21433.286576485858,4.097441196343281e-06
276,21478.23722516867,4.09008271549572e-06
277,21523.18787385148,4.085756901699173e-06
278,21568.138522534293,4.08449928612055e-06
279,21613.089171217103,4.086299299265437e-06
280,21658.039819899914,4.091101130594518e-06
281,21702.990468582728,4.098805336906741e-06
282,21747.94111726554,4.1092711652876135e-06
283,21792.89176594835,4.122319545484899e-06
284,21837.84241463116,4.1377366965031515e-06
285,21882.79306331397,4.155278283063694e-06
286,21927.74371199678,4.174674049414741e-06
287,21972.69436067959,4.1956328508481236e-06
288,22017.645009362404,4.2178479972407454e-06
289,22062.595658045215,4.241002818053736e-06
290,22107.546306728025,4.264776354556323e-06
291,22152.49695541084,4.288849082668261e-06
292,22197.44760409365,4.312908568811716e-06
293,22242.39825277646,4.336654961601225e-06
294,22287.34890145927,4.3598062241453e-06
295,22332.29955014208,4.382103015234652e-06
296,22377.25019882489,4.403313132775671e-06
297,22422.200847507702,4.423235439493564e-06
298,22467.151496190516,4.44170319913743e-06
299,22512.102144873326,4.45858676109299e-06
300,22557.052793556137,4.473795542328105e-06
301,22602.00344223895,4.487279267794323e-06
302,22646.95409092176,4.4990284435805526e-06
303,22691.90473960457,4.509074051016553e-06
304,22736.855388287382,4.517486464277421e-06
305,22781.806036970193,4.524373608542737e-06
306,22826.756685653003,4.529878390102969e-06
307,22871.707334335813,4.534175443657085e-06
308,22916.657983018627,4.53746725509928e-06
309,22961.608631701438,4.539979730054449e-06
310,23006.55928038425,4.541957289023182e-06
311,23051.509929067062,4.543657579012686e-06
312,23096.460577749873,4.5453458987736475e-06
313,23141.411226432683,4.547289440101403e-06
314,23186.361875115494,4.54975145101316e-06
315,23231.312523798304,4.5529854279524505e-06
316,23276.263172481114,4.5572294435202505e-06
317,23321.213821163925,4.562700713664251e-06
318,23366.164469846735,4.569590503880114e-06
319,23411.11511852955,4.578059467944318e-06
320,23456.06576721236,4.588233505177821e-06
321,23501.016415895174,4.600200213424617e-06
322,23545.967064577984,4.61400600502493e-06
323,23590.917713260795,4.629653942269017e-06
324,23635.868361943605,4.647102337341036e-06
325,23680.819010626416,4.666264149790254e-06
326,23725.769659309226,4.687007202284613e-06
327,23770.720307992036,4.709155222971359e-06
328,23815.670956674847,4.732489710348016e-06
329,23860.62160535766,4.756752604270208e-06
330,23905.57225404047,4.781649734720916e-06
331,23950.52290272328,4.806855008359885e-06
332,23995.473551406092,4.832015281773143e-06
333,24040.424200088906,4.856755859868731e-06
334,24085.374848771717,4.8806865481230295e-06
335,24130.325497454527,4.9034081784896835e-06
336,24175.276146137337,4.92451952085407e-06
337,24220.226794820148,4.943624485064761e-06
338,24265.177443502962,4.960339512917189e-06
339,24310.128092185772,4.974301055108141e-06
340,24355.078740868583,4.985173025223529e-06
341,24400.029389551393,4.992654121349215e-06
342,24444.980038234204,4.996484905967345e-06
343,24489.930686917018,4.996454536453436e-06
344,24534.881335599828,4.992407041728904e-06
345,24579.83198428264,4.98424704541828e-06
346,24624.78263296545,4.9719448421397185e-06
347,24669.73328164826,4.955540741220243e-06
348,24714.683930331073,4.935148601027133e-06
349,24759.634579013884,4.910958487070225e-06
350,24804.585227696694,4.88323839785682e-06
351,24849.535876379505,4.852335013946095e-06
352,24894.486525062315,4.818673437527596e-06
353,24939.43717374513,4.782755901902201e-06
354,24984.38782242794,4.745159442258301e-06
355,25029.33847111075,4.706532530908677e-06
356,25074.28911979356,4.667590691518562e-06
357,25119.23976847637,4.6291111176845575e-06
358,25164.190417159185,4.591926331431988e-06
359,25209.141065841995,4.5569169267524475e-06
360,25254.091714524806,4.5250034522159385e-06
361,25299.042363207616,4.497137495024634e-06
362,25343.993011890427,4.47429203672515e-06
363,25388.94366057324,4.4574511582955545e-06
364,25433.89430925605,4.447599179616634e-06
365,25478.84495793886,4.445709325577766e-06
366,25523.795606621672,4.452732018392059e-06
367,25568.746255304482,4.4695829032154105e-06
368,25613.696903987297,4.497130721942331e-06
369,25658.647552670107,4.536185158096326e-06
370,25703.598201352917,4.587484783976396e-06
371,25748.548850035728,4.6516852495212675e-06
372,25793.49949871854,4.729347860479682e-06
373,25838.450147401352,4.820928701116719e-06
374,25883.400796084163,4.926768463454085e-06
375,25928.351444766973,5.047083150483353e-06
376,25973.302093449784,5.181955824399628e-06
377,26018.252742132594,5.331329572150987e-06
378,26063.203390815408,5.4950018589497625e-06
379,26108.15403949822,5.672620435341797e-06
380,26153.10468818103,5.863680954522706e-06
381,26198.05533686384,6.067526443463395e-06
382,26243.00598554665,6.283348753803764e-06
383,26287.956634229464,6.510192096280883e-06
384,26332.907282912274,6.746958735717974e-06
385,26377.857931595085,6.99241689253092e-06
386,26422.808580277895,7.245210861704882e-06
387,26467.759228960706,7.5038733218318545e-06
388,26512.70987764352,7.766839765827378e-06
389,26557.66052632633,8.032464942253809e-06
390,26602.61117500914,8.299041152799851e-06
391,26647.56182369195,8.564818208514842e-06
392,26692.51247237476,8.828024806044291e-06
393,26737.463121057575,9.086891046555302e-06
394,26782.413769740386,9.339671785414669e-06
395,26827.364418423196,9.584670471089694e-06
396,26872.315067106007,9.820263108116619e-06
397,26917.265715788817,1.0044921962148506e-05
398,26962.21636447163,1.0257238615644484e-05
399,27007.16701315444,1.0455945981114603e-05
400,27052.117661837252,1.0639938885140431e-05
401,27097.068310520062,1.0808292850604192e-05
402,27142.018959202873,1.0960280726371413e-05
403,27186.969607885683,1.1095386842594366e-05
404,27231.920256568497,1.1213318405135668e-05
405,27276.870905251308,1.1314013883498228e-05
406,27321.821553934118,1.1397648192142748e-05
407,27366.77220261693,1.1464634514109173e-05
408,27411.72285129974,1.151562266738374e-05
409,27456.673499982553,1.155149396738838e-05
410,27501.624148665363,1.1573352592306102e-05
411,27546.574797348174,1.1582513510773232e-05
412,27591.525446030984,1.1580487082927041e-05
413,27636.476094713795,1.1568960495227895e-05
414,27681.42674339661,1.1549776236302086e-05
415,27726.37739207942,1.1524907864862431e-05
416,27771.32804076223,1.149643336125544e-05
417,27816.27868944504,1.1466506391160426e-05
418,27861.22933812785,1.1437325843298655e-05
419,27906.179986810665,1.1411104032634823e-05
420,27951.130635493475,1.1390033986394698e-05
421,27996.081284176285,1.1376256252200134e-05
422,28041.031932859096,1.1371825685600484e-05
423,28085.982581541906,1.13786786880473e-05
424,28130.93323022472,1.139860137561571e-05
425,28175.88387890753,1.1433199163124466e-05
426,28220.83452759034,1.1483868247259588e-05
427,28265.78517627315,1.1551769465298209e-05
428,28310.735824955962,1.1637804992447208e-05
429,28355.686473638776,1.1742598320035442e-05
430,28400.637122321587,1.1866477928237536e-05
431,28445.587771004397,1.2009465030168166e-05
432,28490.538419687207,1.2171265718706806e-05
433,28535.489068370018,1.2351267793139249e-05
434,28580.439717052832,1.2548542479724598e-05
435,28625.390365735642,1.2761851188992571e-05
436,28670.341014418453,1.298965737365877e-05
437,28715.291663101263,1.3230143465559957e-05
438,28760.242311784074,1.3481232779353819e-05
439,28805.192960466888,1.374061617663267e-05
440,28850.143609149698,1.400578318858348e-05
441,28895.09425783251,1.4274057200673144e-05
442,28940.04490651532,1.4542634211505292e-05
443,28984.99555519813,1.4808624592532294e-05
444,29029.946203880943,1.5069097198303448e-05
445,29074.896852563754,1.5321125110849592e-05
446,29119.847501246564,1.5561832248961406e-05
447,29164.798149929375,1.578844003550902e-05
448,29209.748798612185,1.599831329522248e-05
449,29254.699447295,1.6189004552676402e-05
450,29299.65009597781,1.635829591627676e-05
451,29344.60074466062,1.6504237768921573e-05
452,29389.55139334343,1.6625183539239648e-05
453,29434.50204202624,1.671981989784304e-05
454,29479.452690709055,1.67871918092421e-05
455,29524.403339391865,1.6826721969878945e-05
456,29569.353988074676,1.6838224273564005e-05
457,29614.304636757486,1.6821911064579455e-05
458,29659.255285440297,1.67783940627025e-05
459,29704.20593412311,1.6708678970125664e-05
460,29749.156582805925,1.6614153894431548e-05
461,29794.107231488728,1.6496571841230407e-05
462,29839.057880171546,1.635802764179066e-05
463,29884.00852885435,1.6200929782330315e-05
464,29928.959177537166,1.602796769026695e-05
465,29973.909826219977,1.584207510683802e-05
466,30018.860474902787,1.5646390233716945e-05
467,30063.811123585598,1.5444213382769902e-05
468,30108.761772268408,1.5238962882584066e-05
469,30153.712420951226,1.5034130003064458e-05
470,30198.66306963403,1.4833233650878688e-05
471,30243.613718316847,1.4639775564892634e-05
472,30288.56436699965,1.445719670339819e-05
473,30333.515015682467,1.4288835465539235e-05
474,30378.465664365278,1.4137888329782438e-05
475,30423.41631304809,1.4007373424513921e-05
476,30468.3669617309,1.3900097471913727e-05
477,30513.31761041371,1.3818626468145623e-05
478,30558.26825909652,1.3765260382537046e-05
479,30603.21890777933,1.3742012077588327e-05
480,30648.169556462148,1.3750590572000573e-05
481,30693.12020514495,1.37923886918761e-05
482,30738.07085382777,1.3868475082130454e-05
483,30783.02150251057,1.3979590482009579e-05
484,30827.97215119339,1.4126148106362339e-05
485,30872.9227998762,1.4308237918695559e-05
486,30917.87344855901,1.4525634533628812e-05
487,30962.82409724182,1.4777808445606518e-05
488,31007.77474592463,1.5063940247946777e-05
489,31052.72539460744,1.5382937481696974e-05
490,31097.676043290252,1.573345373741439e-05
491,31142.62669197307,1.611390962487116e-05
492,31187.577340655873,1.652251522563009e-05
493,31232.52798933869,1.6957293651163848e-05
494,31277.478638021494,1.7416105344251135e-05
495,31322.42928670431,1.7896672783195954e-05
496,31367.37993538712,1.8396605276180835e-05
497,31412.330584069932,1.8913423565879534e-05
498,31457.281232752743,1.944458400118084e-05
499,31502.231881435553,1.9987502072261394e-05
500,31547.18253011837,2.0539575145913162e-05
501,31592.133178801174,2.109820427847062e-05
502,31637.08382748399,2.166081502241501e-05
503,31682.034476166795,2.2224877178187185e-05
504,31726.985124849612,2.278792347358829e-05
505,31771.935773532423,2.3347567178002388e-05
506,31816.886422215233,2.390151867661237e-05
507,31861.837070898044,2.4447601039963478e-05
508,31906.787719580854,2.4983764626305036e-05
509,31951.738368263665,2.5508100748106496e-05
510,31996.689016946475,2.6018854420422496e-05
511,32041.639665629293,2.6514436188255105e-05
512,32086.590314312096,2.6993433004010594e-05
513,32131.540962994914,2.745461809626616e-05
514,32176.491611677717,2.7896959739349288e-05
515,32221.442260360534,2.8319628801924437e-05
516,32266.392909043345,2.8722004924284048e-05
517,32311.343557726155,2.9103681150734685e-05
518,32356.294206408966,2.946446682767482e-05
519,32401.244855091776,2.9804388571721347e-05
520,32446.195503774594,3.01236891172816e-05
521,32491.146152457397,3.0422823870508946e-05
522,32536.096801140215,3.0702455027271056e-05
523,32581.047449823018,3.096344315664326e-05
524,32625.998098505836,3.1206836207838927e-05
525,32670.948747188646,3.143385596602515e-05
526,32715.899395871456,3.164588205916099e-05
527,32760.850044554267,3.1844433701142825e-05
528,32805.80069323708,3.203114944302662e-05
529,32850.75134191989,3.2207765290341696e-05
530,32895.7019906027,3.237609162672183e-05
531,32940.652639285516,3.253798945835422e-05
532,32985.60328796832,3.269534655629519e-05
533,33030.55393665114,3.285005412097011e-05
534,33075.50458533394,3.3003984622098e-05
535,33120.45523401676,3.3158971475303715e-05
536,33165.40588269957,3.331679120208131e-05
537,33210.35653138238,3.347914868152153e-05
538,33255.30718006519,3.364766604034094e-05
539,33300.257828748,3.38238756430152e-05
540,33345.20847743082,3.400921753809297e-05
541,33390.15912611362,3.420504159261411e-05
542,33435.10977479644,3.4412614407431286e-05
543,33480.06042347924,3.4633130956177765e-05
544,33525.01107216206,3.4867730734208776e-05
545,33569.96172084487,3.5117518045983745e-05
546,33614.91236952768,3.53835859050277e-05
547,33659.86301821049,3.5667042874940885e-05
548,33704.8136668933,3.596904204754508e-05
549,33749.76431557611,3.6290811239714646e-05
550,33794.71496425892,3.663368339744024e-05
551,33839.66561294174,3.699912612751437e-05
552,33884.61626162454,3.7388769236253486e-05
553,33929.56691030736,3.780442914251682e-05
554,33974.51755899016,3.8248129049693854e-05
555,34019.46820767298,3.872211380823358e-05
556,34064.41885635579,3.9228858475812706e-05
557,34109.3695050386,3.9771069684768104e-05
558,34154.32015372141,4.0351679053802955e-05
559,34199.27080240422,4.097382803034439e-05
560,34244.22145108703,4.164084371829016e-05
561,34289.17209976984,4.235620542967585e-05
562,34334.12274845266,4.3123501894476466e-05
563,34379.073397135464,4.394637926666904e-05
564,34424.02404581828,4.4828480273110715e-05
565,34468.974694501085,4.577337506123055e-05
566,34513.9253431839,4.678448450846683e-05
567,34558.87599186671,4.7864996957555384e-05
568,34603.82664054952,4.901777953397461e-05
569,34648.777289232334,5.024528538205936e-05
570,34693.727937915144,5.1549458321525416e-05
571,34738.67858659796,5.293163657351529e-05
572,34783.629235280765,5.439245733185498e-05
573,34828.57988396358,5.5931764058144794e-05
574,34873.530532646386,5.7548518455552726e-05
575,34918.4811813292,5.924071912291492e-05
576,34963.431830012014,6.100532890489731e-05
577,35008.382478694824,6.283821293274267e-05
578,35053.333127377635,6.473408929082966e-05
579,35098.283776060445,6.668649414448414e-05
580,35143.234424743256,6.868776302239767e-05
581,35188.185073426066,7.072902976120509e-05
582,35233.135722108884,7.28002443900149e-05
583,35278.08637079169,7.489021095934337e-05
584,35323.037019474505,7.698664600397544e-05
585,35367.98766815731,7.907625797563818e-05
586,35412.938316840125,8.114484759388277e-05
587,35457.888965522936,8.317742864806245e-05
588,35502.839614205746,8.515836834756371e-05
589,35547.79026288856,8.70715458704695e-05
590,35592.74091157137,8.89005273129613e-05
591,35637.691560254185,9.062875480448793e-05
592,35682.64220893699,9.223974713911224e-05
593,35727.592857619806,9.371730889426365e-05
594,35772.54350630261,9.504574467679776e-05
595,35817.49415498543,9.621007486504918e-05
596,35862.44480366824,9.719624901551407e-05
597,35907.39545235105,9.799135298368692e-05
598,35952.34610103386,9.858380577820463e-05
599,35997.29674971667,9.896354223133036e-05
600,36042.24739839948,9.912217772977555e-05
601,36087.19804708229,9.905315150780862e-05
602,36132.14869576511,9.875184535650128e-05
603,36177.09934444791,9.821567504236107e-05
604,36222.04999313073,9.744415224644654e-05
605,36267.00064181353,9.64389154190855e-05
606,36311.95129049635,9.520372858104106e-05
607,36356.90193917916,9.374444777279885e-05
608,36401.85258786197,9.20689555414058e-05
609,36446.80323654478,9.01870645401017e-05
610,36491.75388522759,8.811039198049927e-05
611,36536.70453391041,8.585220730161808e-05
612,36581.65518259321,8.342725598690126e-05
613,36626.60583127603,8.08515629535941e-05
614,36671.55647995883,7.814221934486199e-05
615,36716.50712864165,7.531715686299292e-05
616,36761.45777732446,7.239491398424008e-05
617,36806.40842600727,6.939439848807868e-05
618,36851.35907469008,6.633465071510713e-05
619,36896.30972337289,6.323461184116946e-05
620,36941.2603720557,6.011290122667639e-05
621,36986.21102073851,5.698760657846053e-05
622,37031.16166942133,5.38760902587442e-05
623,37076.11231810413,5.0794814605652086e-05
624,37121.06296678695,4.77591886077515e-05
625,37166.013615469754,4.4783437717937344e-05
626,37210.96426415257,4.188049801636731e-05
627,37255.91491283538,3.906193535511721e-05
628,37300.86556151819,3.6337889554504935e-05
629,37345.816210201,3.371704318760588e-05
630,37390.76685888381,3.1206613998238245e-05
631,37435.717507566624,2.881236955971907e-05
632,37480.668156249434,2.6538662405656472e-05
633,37525.61880493225,2.4388483556155174e-05
634,37570.569453615055,2.236353212685398e-05
635,37615.52010229787,2.0464298545402134e-05
636,37660.470750980676,1.8690158809302276e-05
637,37705.42139966349,1.7039477197252403e-05
638,37750.372048346304,1.5509714888296723e-05
639,37795.322697029114,1.4097542042543861e-05
640,37840.273345711925,1.2798951046362728e-05
641,37885.223994394735,1.1609368815131994e-05
642,37930.17464307755,1.0523766268916602e-05
643,37975.125291760356,9.536763341690045e-06
644,38020.075940443174,8.642728144039648e-06
645,38065.02658912598,7.835869164273039e-06
646,38109.977237808795,7.1103196557270865e-06
647,38154.927886491605,6.4602136121222855e-06
648,38199.878535174415,5.879752972132808e-06
649,38244.829183857226,5.363265914320957e-06
650,38289.779832540036,4.905256300616469e-06
651,38334.73048122285,4.500444498161708e-06
652,38379.68112990566,4.14379995420612e-06
653,38424.631778588475,3.830566016387179e-06
654,38469.58242727128,3.5562775816317795e-06
655,38514.533075954096,3.3167722222266245e-06
656,38559.4837246369,3.108195479113196e-06
657,38604.43437331972,2.9270010323991283e-06
658,38649.38502200253,2.7699464599966135e-06
659,38694.33567068534,2.6340852799412408e-06
660,38739.28631936815,2.516755943133719e-06
661,38784.23696805096,2.4155684037622043e-06
662,38829.18761673377,2.3283888471808613e-06
663,38874.13826541658,2.25332310201909e-06
664,38919.08891409939,2.1886992070268028e-06
665,38964.03956278221,2.1330495455964956e-06
666,39008.99021146502,2.085092903731262e-06
667,39053.94086014783,2.043716751831786e-06
668,39098.89150883064,2.0079599981617977e-06
669,39143.84215751345,1.9769964130330033e-06
670,39188.79280619626,1.950118878208624e-06
671,39233.74345487907,1.9267245760949553e-06
672,39278.69410356188,1.9063011981310878e-06
673,39323.64475224469,1.8884142213753855e-06
674,39368.5954009275,1.8726952764843132e-06
675,39413.54604961032,1.8588316088269648e-06
676,39458.49669829313,1.8465566170534216e-06
677,39503.44734697594,1.8356414396559192e-06
678,39548.39799565875,1.8258875495186694e-06
679,39593.34864434156,1.8171203087208737e-06
680,39638.29929302437,1.8091834305170905e-06
681,39683.24994170718,1.801934292061788e-06
682,39728.20059038999,1.795240039684057e-06
683,39773.1512390728,1.788974428000998e-06
684,39818.10188775561,1.783015334560782e-06
685,39863.05253643843,1.7772428927479505e-06
686,39908.00318512124,1.7715381871208517e-06
687,39952.95383380405,1.7657824569820663e-06
688,39997.90448248686,1.7598567556464683e-06
689,40042.85513116967,1.753642014449294e-06
690,40087.80577985248,1.7470194619448379e-06
691,40132.75642853529,1.739871349941871e-06
692,40177.7070772181,1.732081938995577e-06
693,40222.657725900914,1.7235386967454043e-06
694,40267.608374583724,1.7141336631053472e-06
695,40312.55902326654,1.7037649368444933e-06
696,40357.50967194935,1.6923382386307449e-06
697,40402.46032063216,1.6797685062468708e-06
698,40447.41096931497,1.6659814785306316e-06
699,40492.36161799778,1.6509152257431806e-06
700,40537.312266680594,1.6345215856294205e-06
701,40582.262915363404,1.6167674664859638e-06
702,40627.213564046215,1.5976359811635345e-06
703,40672.164212729025,1.5771273791467182e-06
704,40717.114861411836,1.5552597476936556e-06
705,40762.06551009465,1.5320694574747814e-06
706,40807.016158777464,1.5076113331825143e-06
707,40851.966807460274,1.4819585351290129e-06
708,40896.917456143085,1.4552021438117937e-06
709,40941.868104825895,1.4274504456879894e-06
710,40986.818753508705,1.3988279248205415e-06
711,41031.769402191516,1.3694739714906346e-06
712,41076.720050874326,1.3395413251451939e-06
713,41121.67069955714,1.3091942750052846e-06
714,41166.62134823995,1.2786066471374042e-06
715,41211.571996922765,1.2479596116351507e-06
716,41256.522645605575,1.2174393476410615e-06
717,41301.473294288386,1.1872346071449016e-06
718,41346.423942971196,1.157534220740672e-06
719,41391.37459165401,1.128524589754032e-06
720,41436.32524033682,1.1003872093413544e-06
721,41481.27588901963,1.0732962663186097e-06
722,41526.22653770244,1.047416353641965e-06
723,41571.17718638525,1.0229003407024143e-06
724,41616.12783506806,9.998874350069444e-07
725,41661.078483750876,9.78501466517439e-07
726,41706.02913243369,9.588494210387736e-07
727,41750.9797811165,9.410202437352207e-07
728,41795.93042979931,9.25083928262251e-07
729,41840.88107848212,9.110909012807083e-07
730,41885.83172716493,8.990717064202356e-07
731,41930.78237584774,8.890369862177041e-07
732,41975.73302453055,8.809777552977606e-07
733,42020.68367321336,8.748659531947748e-07
734,42065.63432189617,8.706552608259324e-07
735,42110.58497057898,8.682821607816197e-07
736,42155.5356192618,8.676672183466291e-07
737,42200.48626794461,8.687165575285739e-07
738,42245.43691662742,8.713235043534938e-07
739,42290.38756531023,8.753703682785009e-07
740,42335.33821399304,8.807303317388144e-07
741,42380.28886267585,8.872694175502938e-07
742,42425.23951135866,8.948485040761087e-07
743,42470.19016004147,9.033253586808601e-07
744,42515.14080872428,9.125566609749616e-07
745,42560.09145740709,9.223999886356224e-07
746,42605.04210608991,9.32715740119003e-07
747,42649.99275477272,9.433689702954103e-07
748,42694.94340345553,9.542311168986847e-07
749,42739.89405213834,9.651815976396392e-07
750,42784.84470082115,9.761092598597851e-07
751,42829.79534950396,9.869136666713728e-07
752,42874.74599818677,9.9750620562615e-07
753,42919.69664686958,1.0078110080707777e-06
754,42964.64729555239,1.0177656694796118e-06
755,43009.5979442352,1.0273217632081064e-06
756,43054.54859291802,1.0364451422905999e-06
757,43099.49924160083,1.0451160261231491e-06
758,43144.44989028364,1.053328871134655e-06
759,43189.40053896645,1.0610920268656412e-06
760,43234.35118764926,1.068427181248408e-06
761,43279.30183633207,1.0753686013148951e-06
762,43324.252485014884,1.081962178043463e-06
763,43369.203133697694,1.0882642865814922e-06
764,43414.153782380505,1.0943404756260808e-06
765,43459.104431063315,1.100264002284502e-06
766,43504.05507974613,1.1061142312334263e-06
767,43549.00572842894,1.1119749194103412e-06
768,43593.956377111754,1.1179324097536851e-06
769,43638.907025794564,1.124073759607223e-06
770,43683.857674477375,1.1304848312622852e-06
771,43728.808323160185,1.1372483736703412e-06
772,43773.758971842995,1.1444421255592643e-06
773,43818.709620525806,1.15213697097316e-06
774,43863.660269208616,1.1603951785753092e-06
775,43908.61091789143,1.1692687558611145e-06
776,43953.561566574244,1.1787979486844943e-06
777,43998.512215257055,1.1890099151811709e-06
778,44043.462863939865,1.1999176012595209e-06
779,44088.413512622676,1.211518842324123e-06
780,44133.364161305486,1.2237957128117792e-06
781,44178.3148099883,1.2367141414846772e-06
782,44223.26545867111,1.2502238062856185e-06
783,44268.21610735392,1.2642583179773915e-06
784,44313.16675603673,1.2787356968392373e-06
785,44358.11740471954,1.2935591414681497e-06
786,44403.068053402356,1.3086180833352663e-06
787,44448.018702085166,1.3237895152901445e-06
788,44492.96935076798,1.3389395768098895e-06
789,44537.91999945079,1.3539253735800574e-06
790,44582.8706481336,1.368597004096834e-06
791,44627.82129681641,1.382799761517898e-06
792,44672.77194549922,1.3963764750799961e-06
793,44717.72259418203,1.4091699521507431e-06
794,44762.67324286484,1.421025479483655e-06
795,44807.62389154765,1.4317933405741143e-06
796,44852.57454023047,1.4413313052248043e-06
797,44897.52518891328,1.449507047555103e-06
798,44942.47583759609,1.4562004497372678e-06
799,44987.4264862789,1.461305750695889e-06
800,45032.37713496171,1.4647335018230153e-06
801,45077.32778364452,1.4664122953711259e-06
802,45122.27843232733,1.4662902354993423e-06
803,45167.22908101014,1.4643361268531977e-06
804,45212.17972969295,1.4605403609260077e-06
805,45257.13037837576,1.4549154861396337e-06
806,45302.08102705857,1.447496453443845e-06
807,45347.03167574139,1.4383405351148156e-06
808,45391.9823244242,1.4275269201835257e-06
809,45436.93297310701,1.415155995402791e-06
810,45481.88362178982,1.4013483257370312e-06
811,45526.83427047263,1.3862433529205561e-06
812,45571.78491915544,1.3699978345880477e-06
813,45616.73556783825,1.3527840497690475e-06
814,45661.68621652106,1.3347877991185503e-06
815,45706.63686520387,1.3162062301161082e-06
816,45751.58751388668,1.2972455186225207e-06
817,45796.5381625695,1.278118438677194e-06
818,45841.48881125231,1.2590418523142597e-06
819,45886.43945993512,1.2402341505547068e-06
820,45931.39010861793,1.221912675691084e-06
821,45976.34075730074,1.2042911536266026e-06
822,46021.29140598355,1.1875771634694076e-06
823,46066.24205466636,1.1719696699204192e-06
824,46111.192703349174,1.157656642325131e-06
825,46156.143352031984,1.144812782668284e-06
826,46201.094000714795,1.1335973833381474e-06
827,46246.04464939761,1.1241523342153734e-06
828,46290.99529808042,1.1166002975669039e-06
829,46335.94594676323,1.1110430683392079e-06
830,46380.896595446044,1.1075601367148535e-06
831,46425.847244128854,1.1062074691655024e-06
832,46470.797892811664,1.1070165236284795e-06
833,46515.748541494475,1.1099935137635738e-06
834,46560.699190177285,1.1151189364125806e-06
835,46605.649838860096,1.1223473752856748e-06
836,46650.600487542906,1.1316075924380212e-06
837,46695.551136225724,1.142802917190883e-06
838,46740.501784908534,1.155811939724161e-06
839,46785.452433591345,1.170489513575095e-06
840,46830.403082274155,1.1866680677021116e-06
841,46875.353730956966,1.2041592246253938e-06
842,46920.304379639776,1.222755716482367e-06
843,46965.25502832259,1.242233585715324e-06
844,47010.2056770054,1.26235465165136e-06
845,47055.15632568821,1.2828692185811476e-06
846,47100.10697437102,1.3035189952573708e-06
847,47145.057623053835,1.3240401901983673e-06
848,47190.008271736646,1.3441667419911005e-06
849,47234.958920419456,1.363633639136666e-06
850,47279.90956910227,1.382180280061512e-06
851,47324.86021778508,1.3995538209055916e-06
852,47369.81086646789,1.4155124567484088e-06
853,47414.7615151507,1.4298285811702761e-06
854,47459.71216383351,1.4422917695567976e-06
855,47504.66281251632,1.4527115333870215e-06
856,47549.61346119913,1.4609197959027518e-06
857,47594.56410988195,1.4667730439954228e-06
858,47639.51475856476,1.4701541167797463e-06
859,47684.46540724757,1.4709735980208547e-06
860,47729.41605593038,1.469170787174356e-06
861,47774.36670461319,1.4647142320877197e-06
862,47819.317353296,1.457601815170391e-06
863,47864.26800197881,1.447860393828662e-06
864,47909.21865066162,1.4355450049294465e-06
865,47954.16929934443,1.4207376517588817e-06
866,47999.11994802724,1.4035457001393377e-06
867,48044.07059671006,1.3840999178460102e-06
868,48089.02124539287,1.3625521980303724e-06
869,48133.97189407568,1.3390730128555566e-06
870,48178.92254275849,1.3138486478577894e-06
871,48223.8731914413,1.2870782705897277e-06
872,48268.82384012411,1.2589708888379536e-06
873,48313.77448880692,1.2297422541434753e-06
874,48358.72513748973,1.1996117655332313e-06
875,48403.67578617254,1.1687994263734947e-06
876,48448.62643485535,1.1375229041915702e-06
877,48493.57708353817,1.105994739317716e-06
878,48538.52773222098,1.0744197434274562e-06
879,48583.47838090379,1.0429926236828191e-06
880,48628.4290295866,1.0118958623498939e-06
881,48673.37967826941,9.812978756793406e-07
882,48718.33032695222,9.513514696387409e-07
883,48763.28097563503,9.221926039308614e-07
884,48808.23162431784,8.939394697537337e-07
885,48853.18227300065,8.666918810720299e-07
886,48898.132921683464,8.405309738680023e-07
887,48943.083570366274,8.155192029968802e-07
888,48988.03421904909,7.917006219375689e-07
889,49032.9848677319,7.691014269370581e-07
890,49077.93551641471,7.477307438103516e-07
891,49122.88616509752,7.275816329778708e-07
892,49167.83681378033,7.086322861866208e-07
893,49212.787462463144,6.90847386750824e-07
894,49257.738111145954,6.741796040357949e-07
895,49302.688759828765,6.585711922672895e-07
896,49347.639408511575,6.439556635479599e-07
897,49392.590057194386,6.302595051747824e-07
898,49437.5407058772,6.174039119498221e-07
899,49482.491354560014,6.05306505138005e-07
900,49527.442003242824,5.938830110282059e-07
901,49572.392651925635,5.830488736783709e-07
902,49617.343300608445,5.727207783526072e-07
903,49662.293949291256,5.628180643687502e-07
904,49707.244597974066,5.5326400854726e-07
905,49752.19524665688,5.439869631613379e-07
906,49797.14589533969,5.349213352041796e-07
907,49842.0965440225,5.260083968766637e-07
908,49887.047192705315,5.171969204161244e-07
909,49931.997841388125,5.084436336856239e-07
910,49976.948490070936,4.997134962695849e-07
911,50021.899138753746,4.90979799116546e-07
912,50066.84978743656,4.822240939699975e-07
913,50111.80043611937,4.7343596186927227e-07
914,50156.75108480218,4.646126328192579e-07
915,50201.70173348499,4.5575847125797094e-07
916,50246.6523821678,4.468843441372751e-07
917,50291.60303085061,4.38006890223431e-07
918,50336.55367953343,4.2914771057942777e-07
919,50381.50432821624,4.2033250107948644e-07
920,50426.45497689905,4.1159014820961313e-07
921,50471.40562558186,4.029518093216229e-07
922,50516.35627426467,3.9444999794039136e-07
923,50561.30692294748,3.8611769369738903e-07
924,50606.25757163029,3.7798749501304354e-07
925,50651.2082203131,3.700908308227473e-07
926,50696.15886899591,3.624572454932826e-07
927,50741.10951767872,3.551137686727784e-07
928,50786.06016636154,3.480843792289322e-07
929,50831.01081504435,3.413895697307788e-07
930,50875.96146372716,3.350460151940811e-07
931,50920.91211240997,3.2906634711260944e-07
932,50965.86276109278,3.2345903120702575e-07
933,51010.81340977559,3.182283449034634e-07
934,51055.7640584584,3.133744483616209e-07
935,51100.71470714121,3.0889354095458214e-07
936,51145.66535582402,3.047780934969117e-07
937,51190.61600450683,3.0101714525083314e-07
938,51235.56665318965,2.9759665382842474e-07
939,51280.51730187246,2.9449988555611737e-07
940,51325.46795055527,2.9170783367161235e-07
941,51370.41859923808,2.8919965186840706e-07
942,51415.36924792089,2.8695309116671874e-07
943,51460.3198966037,2.8494492884180113e-07
944,51505.27054528651,2.831513791455574e-07
945,51550.22119396932,2.8154847677422867e-07
946,51595.17184265213,2.8011242542001356e-07
947,51640.12249133494,2.788199052518316e-07
948,51685.07314001776,2.7764833475353543e-07
949,51730.02378870057,2.765760839607804e-07
950,51774.97443738338,2.7558263773600315e-07
951,51819.92508606619,2.746487092628649e-07
952,51864.875734749,2.7375630538862796e-07
953,51909.82638343181,2.728887467612217e-07
954,51954.77703211462,2.720306468677995e-07
955,51999.727680797434,2.711678550592711e-07
956,52044.678329480244,2.7028736942225154e-07
957,52089.628978163055,2.693772259234401e-07
958,52134.579626845865,2.6842637059503884e-07
959,52179.53027552868,2.674245216529679e-07
960,52224.48092421149,2.663620283474631e-07
961,52269.431572894304,2.6522973304924934e-07
962,52314.382221577114,2.6401884258996934e-07
963,52359.332870259925,2.627208142239626e-07
964,52404.283518942735,2.6132726078495653e-07
965,52449.234167625546,2.5982987870437005e-07
966,52494.184816308356,2.5822040156896597e-07
967,52539.13546499117,2.5649058085742003e-07
968,52584.08611367398,2.546321944416554e-07
969,52629.036762356794,2.5263708240292105e-07
970,52673.987411039605,2.5049720872656433e-07
971,52718.938059722415,2.4820474653312113e-07
972,52763.888708405226,2.4575218370315526e-07
973,52808.839357088036,2.431324450818771e-07
974,52853.79000577085,2.403390269245587e-07
975,52898.74065445366,2.3736613887780677e-07
976,52943.69130313647,2.342088485916347e-07
977,52988.64195181928,2.3086322402416353e-07
978,53033.59260050209,2.2732646863022558e-07
979,53078.543249184906,2.235970449071e-07
980,53123.49389786772,2.1967478219035844e-07
981,53168.44454655053,2.1556096513124986e-07
982,53213.39519523334,2.112583999217171e-07
983,53258.34584391615,2.067714560390494e-07
984,53303.29649259896,2.021060820328873e-07
985,53348.24714128177,1.9726979464601404e-07
986,53393.19778996458,1.9227164132061265e-07
987,53438.14843864739,1.871221368689855e-07
988,53483.0990873302,1.8183317575958446e-07
989,53528.04973601302,1.7641792206658647e-07
990,53573.00038469583,1.7089067963882004e-07
991,53617.95103337864,1.6526674545013448e-07
992,53662.90168206145,1.595622493916617e-07
993,53707.85233074426,1.537939839538934e-07
994,53752.80297942707,1.4797922732496184e-07
995,53797.75362810988,1.4213556340601974e-07
996,53842.70427679269,1.36280702124009e-07
997,53887.6549254755,1.3043230321778644e-07
998,53932.60557415831,1.2460780639887288e-07
999,53977.55622284113,1.1882427045795876e-07
